Time (s),Force X,Force Y,Force Z,Torque X,Torque Y,Torque Z
0.001130031,-0.10071454345537546,0.051318168723346574,-0.5692136817203582,-0.008477551779005332,-0.017465036635915795,0.0033820554166885328
0.008102418,-0.3169337972729351,0.1459311409193024,-0.6702614668646373,-0.017074955029588095,-0.0405559186908358,0.0019658239762197867
0.015453274,-0.18930374336322903,-0.09545904654979065,-0.684772603537099,0.007619584800661211,-0.026971987032654098,0.0018366335986717709
0.024047653,-0.15260578626335136,0.08909564398499162,-0.6180245816232148,-0.01243755060406017,-0.020931442869366657,0.004005530112912544
0.032160337,-0.14219960330147993,0.007893863709847612,-0.6467839411874582,-0.003041613103388429,-0.021439778481780306,0.004666373803206522
0.039752773,-0.12859953812193337,0.014301592964582055,-0.41597306818553426,-0.004083662283940448,-0.021477939833934367,0.00201328958965152
0.048103476,-0.035383357187584535,0.045423286364256646,-0.5275171772004033,-0.004245105320362893,-0.009094129633407956,-0.00019758494872427346
0.0558511,-0.1426659321459623,0.021646868543933412,-0.6259169560091038,-0.004371773613902597,-0.022493980772914746,0.003955237791736604
0.064003524,-0.14022897981885463,-0.10562036976955073,-0.6585969863770503,0.011310836482397627,-0.02087058394420908,0.001066188951918602
0.072223903,-0.11075730588063865,-0.021349464211383673,-0.5493508746774317,0.002067243643767983,-0.01593843417426437,0.002484353732239612
0.080158561,-0.1919671610137872,0.12715486724520825,-0.6070891559320835,-0.014395822750289014,-0.025448628893602294,0.003510840663912498
0.088083442,-0.22699526520553884,0.11265889484825377,-0.5316510110555674,-0.013465428402260013,-0.0291691571695462,0.003860438857169214
0.095738247,-0.16547353058433387,0.060874608885213274,-0.6416091191162933,-0.00873567874094438,-0.02457511310130194,0.003898114421208113
0.103443897,-0.28026735602363323,0.1478093233429138,-0.5955718672078132,-0.01830955527107735,-0.03842736769786609,0.004108520093649456
0.111492536,-0.15246525522832274,0.03690953427674143,-0.5892303641116644,-0.004954891467341141,-0.02186277954823562,0.0037907243423701735
0.120078744,0.06331294323261058,-0.013633966170449784,-0.5158404053155733,1.750088251697068e-05,0.0005573663969351784,0.004390829586256243
0.12817711,-0.09760727592667172,-0.061148263430763954,-0.5056443978713545,0.005017071072975875,-0.013733677523258549,0.0035504648872854002
0.136024398,-0.19084626635906354,0.15128969374499748,-0.5794600532980095,-0.01765502247477091,-0.026962378571863205,0.0044932960299733805
0.143989367,-0.20601892333825533,-0.03031581944129018,-0.6732747478499315,0.0006703029401388815,-0.02580063346884898,0.0034863640731070938
0.151758712,-0.17367003882500534,0.10865049360343479,-0.7660319468376934,-0.01375036473850922,-0.024196261566295903,0.0024508811371549847
0.160028748,-0.21519411892859863,0.011157246796883152,-0.7633024750400409,-0.004795778090492019,-0.028327077409002015,0.003153747123434327
0.168081788,-0.08760698116489556,0.09240482445038457,-0.6287054266324908,-0.01205831070836532,-0.01415512726967683,0.0012604055179607663
0.176235399,-0.06742999897839448,-0.07202621709887862,-0.8095702915704379,0.004210798817818051,-0.014856264822044711,0.004037550925914753
0.184213219,-0.027441018606644732,-0.08739060433587433,-0.609734855830709,0.00456135806115018,-0.010609105855200345,0.002368692587789307
0.192057224,-0.09366147307319202,0.11218566957723507,-0.5478605298304903,-0.012368118934607982,-0.015845431336732788,0.00717754183954877
0.199997819,-0.1314654430483432,0.057810268626477944,-0.7189877299536174,-0.008555509226844345,-0.018566662724950653,0.004107112574872498
0.208109595,-0.23634234306144375,-0.049700783549944866,-0.5978991267924679,0.0022576406312485456,-0.031821460468644605,0.004026167266385044
0.216078337,-0.1551785135074552,0.05667517418872267,-0.7531270731131801,-0.006173407699923603,-0.022192494067450226,0.006557763641347438
0.224047287,-0.0633998009075401,-0.07043264784136784,-0.6279045673216166,0.004031831521810237,-0.013390083793900004,0.004643984778944205
0.232053603,-0.1536852255407877,0.07690772024574496,-0.6259743927338439,-0.010228763499010729,-0.022942092783978962,0.005392358362691812
0.239874491,-0.22276671557452835,0.140488380584679,-0.6282899538160125,-0.015175821821041319,-0.028692541730033806,0.003996730588218614
0.247828356,-0.08772757068085033,-0.04231698233579788,-0.5944484605911223,0.001366910171909365,-0.01490933412820606,0.002684482712114052
0.256117109,-0.05629432193461012,0.01561922756612416,-0.6967101174545748,-0.003788644688828095,-0.013387215634324861,0.004250864982231045
0.264142841,-0.09739791013765682,-0.01761895768699827,-0.571373287287372,-0.003054171980559209,-0.01450201240580502,0.0034487676778190445
0.271966103,-0.15397048122076157,0.04600229083134576,-0.7275316224092455,-0.007104463440287145,-0.02417344293125072,0.0019726654490066797
0.279794254,-0.2111269366758511,0.04137054723151326,-0.8017348116465817,-0.006225201968575516,-0.027243596577333717,0.004740518237175227
0.288154525,-0.18500049391119502,0.048688022811183944,-0.6039660268730608,-0.006866796553249844,-0.02526513778320216,0.001957588698702299
0.295967101,-0.18190256210637867,0.022711519571702823,-0.7734318651832622,-0.002365637860285175,-0.02427343626974991,0.0005463004884545685
0.303911677,-0.23598570423584625,0.09193887950667083,-0.6621454685304801,-0.00881500262569539,-0.03377298851217454,0.005408822413073421
0.312153637,-0.22392767854187087,-0.061513098417573714,-0.6931645439193688,0.001455514681182055,-0.028856155034636635,0.004932293650299297
0.320056379,-0.10693167721957238,-0.08056332019401329,-0.9202083419685233,0.004295992342830528,-0.01910276374968194,0.004925995241852394
0.328123875,-0.28509911263438503,-0.042321934924558643,-0.8302753639634365,0.002019393428102066,-0.0353687600289733,0.002955244553150513
0.335960756,-0.09863227949304024,0.052652071414563156,-0.5326201277877243,-0.007560364125719234,-0.013583315028163068,0.0026319920776937465
0.344050532,-0.24208712480249564,-0.039814200096818964,-0.6478018572823011,0.0011964236340498077,-0.030823735664145247,0.005171179705794084
0.352045045,-0.12625745999722915,0.1333206995393174,-0.7051082211601561,-0.013964773674396419,-0.017980097010698207,0.0030580058148157894
0.360136427,-0.12188524280785787,0.008487691088573827,-0.6401998036057043,-0.004447797548625331,-0.018912824031091117,0.004732962593323455
0.367979943,-0.20950586599162066,0.08207825700183936,-0.7072382111169421,-0.009810664509259187,-0.028758904682239485,0.003498165203509164
0.376114976,0.028431494838041433,0.14422845271368703,-0.5569303651869156,-0.018080509633002728,-0.0019621837862195497,0.0010778643109534789
0.384125692,-0.3711581239835218,0.14582328379904025,-0.604495151051436,-0.01582229463605266,-0.0423646652968614,0.0043341004598186446
0.391855367,-0.22340226834298435,0.11187639756922774,-0.8269290898164615,-0.01021451895935258,-0.029727886561587414,0.00494206161184318
0.40001233,-0.05990002221006036,-0.0590437538333457,-0.7191415069310867,0.004006283694225345,-0.01216195916483907,0.004411328845264665
0.408152601,-0.26705340993214033,0.11319963670923726,-0.9119731584334198,-0.014335638137443008,-0.03154879593461961,0.0032788337607313777
0.415835972,-0.35407501842776595,0.0007880760239883655,-0.8600142142732632,-0.004110084847985248,-0.04611782878788228,0.006172744459746029
0.423966954,-0.148423297664665,-0.061536855098164034,-0.8720953584242671,0.003438987735229537,-0.019626294298744018,0.0059103606011038975
0.432212755,-0.23961039379383803,0.019205649625852986,-0.6793545133533705,-0.004782587998756855,-0.029668518073746302,0.0024585053920794225
0.4400173,-0.1467972358994735,0.07451302679471156,-0.7684147116288531,-0.010857274047890038,-0.02146635721484343,0.006505872767794708
0.447992466,-0.12601657653203702,-0.07131729527451837,-0.7036138682112764,0.005342028359281773,-0.017474115867900264,0.0012255849174547457
0.456150407,-0.15999108543880225,0.002077689599205401,-0.7890863296237519,-0.0007199404809457841,-0.021466149403165852,0.006108873596318773
0.464217485,-0.2601543817302961,-0.028429168505729782,-0.57343045007964,-0.00039699373225354946,-0.031802935814346726,0.002327658602744943
0.472114569,-0.26001577334348747,0.04425888405257951,-0.6731963611013843,-0.00655176647864124,-0.03341863956766057,0.0032731349996460808
0.480231723,-0.036039335847429174,-0.028836069947817844,-0.4660386368734693,-0.0015960249970264,-0.010241070396286687,0.0028785178675699136
0.488098147,-0.14971021450368543,-0.042838451188995666,-0.6318255801242063,0.002237720170921966,-0.02382133413865197,0.0017703974600708139
0.496228431,-0.19173867450401738,0.09283827083444149,-0.7030079823146075,-0.011860445396963942,-0.02734404746539578,0.004373232541127208
0.504019217,-0.2021268088974736,0.08446240521460419,-0.6952359384115337,-0.011678727218005584,-0.026451845728120597,0.005868074147452625
0.511849602,-0.13057252646548034,0.058303531649500154,-0.6173966640007206,-0.008535869844996194,-0.020080484003584843,0.005712832608533729
0.520175093,-0.05945638674670946,-0.03706669627099982,-0.731052707531558,0.002222988725899091,-0.010448446730639096,0.004394651023999343
0.528217865,-0.05423535096416534,-0.05552039670458078,-0.608596529434502,0.0020225015745125585,-0.00972950943370583,0.005584568366519687
0.53602262,-0.3658444737869237,0.05236722110098531,-0.7690544748648457,-0.005443646884025561,-0.04300697004859193,0.0052040297048451326
0.544242091,-0.2501285343610496,0.11547210577775306,-0.8323132863468687,-0.01350905608293432,-0.03121960164346801,0.0028485675893421174
0.552111029,-0.14401592835367044,-0.07451707784204062,-0.7550454810703214,0.0074989547760850594,-0.019304888678889093,0.0020920065279516316
0.559853066,-0.11439907286947174,0.02739552366187018,-0.6964048179059509,-0.003733115767289118,-0.018677835027926554,0.004172862224465956
0.568041597,-0.22025126551572427,0.05179599649940113,-0.7321167992229749,-0.009335722870013627,-0.02829238028472369,0.005545170313240734
0.57610197,0.003378633827358704,0.0375241336327592,-0.4924921400400423,-0.005409005122697384,-0.005307634031185379,0.003340606549574773
0.583970279,-0.23226093366624012,-0.035730334699648814,-0.6506254687113876,0.0010647404858615843,-0.029755431733415535,0.00559223957205454
0.591761624,-0.11536553241582691,-0.005557959752255315,-0.5469651195196987,0.0008768465263678971,-0.016533231333223798,0.0027442906457209285
0.600099197,-0.10612972984173143,0.04476735773700394,-0.666491161896795,-0.007170701888982227,-0.016449526368480225,0.005673386033412425
0.607995513,-0.22495224022307767,0.03228000450174393,-0.6993957964793107,-0.003948478571872436,-0.03177605757378271,0.0031649195560775447
0.615948609,-0.14788305976176136,-0.031527232715392525,-0.5305038639723361,4.457094124305817e-06,-0.016623395535231202,0.005249548102553709
0.624054728,-0.2454993349065526,0.0007979876507238012,-0.5405196701010011,-0.0009286420980233399,-0.032478193880218845,0.004704292233090087
0.631858086,-0.0793047038727343,0.11256869616111634,-0.5234626115222503,-0.011332569525615998,-0.015576016710130682,0.0035608021646432522
0.640081328,-0.1851118101989649,0.06781806736192901,-0.7423691038169351,-0.009736662353642404,-0.02491968361059076,0.0038577414086974253
0.647608603,-0.1763566428540565,0.02700446267412558,-0.6121888265897996,-0.0026748862866820483,-0.023239179995414316,0.004129767937448893
0.656069515,-0.1253938879979044,0.009042304061800982,-0.4602254087401729,-0.0035635034103450223,-0.01860651289810742,0.003716243118953555
0.664044472,-0.20245167950498938,0.15707810297266264,-0.49411058820583753,-0.018079384462921427,-0.030244419227580546,0.005935204396166925
0.671989328,-0.14248342438904574,0.11900178911212042,-0.6150800302485928,-0.014786825107026225,-0.02110870639427783,0.005920681137924248
0.67985205,-0.2354892961864449,0.105196860337264,-0.5217584965598905,-0.014556907229010261,-0.031357889530841745,0.005766097131603962
0.688088772,-0.18648197017222265,0.10966867304834554,-0.5607099473562569,-0.012211486519899194,-0.02434749175901663,0.0071996888486023265
0.696003037,-0.1597048833053056,-0.07805575481354499,-0.6755771745475811,0.007745614249983916,-0.022775495178380522,0.0030341286388232956
0.704190521,-0.29307978556387265,-0.10808919800361433,-0.7817818754197193,0.008464704282659646,-0.03888710307243859,0.0040113353280105965
0.711765986,-0.06584434379686332,0.06040804553899555,-0.6857847969964987,-0.0059034898428053555,-0.010964992249302766,0.004207697975123751
0.719652455,-0.28131001132731787,-0.037193997931183026,-0.7317100340052892,0.0009339532751332803,-0.03616957413593476,0.00684275481735859
0.728203043,-0.2935063504940491,0.057295231767816375,-0.7397017613824253,-0.006604008305623988,-0.034924190128425334,0.008443368281649294
0.736138191,-0.20762023380739578,0.1058170770808799,-0.7066291600270287,-0.012495433732519205,-0.028737917775637563,0.008037788150121883
0.743815485,-0.1720299149876991,0.052634273946069135,-0.7493771714654704,-0.007958574172714403,-0.02151892497495414,0.00436367758454291
0.752165838,-0.22072393579080915,-0.044098659819847216,-0.6836144501438233,0.002163778939954437,-0.02988580753725875,0.004168324863046973
0.759895792,-0.12139733626789763,-0.008815207666622735,-0.6287220416398844,-0.0011871964359439807,-0.01788167544042315,0.002176012680800076
0.768142432,-0.15663517319852824,0.10519518771527465,-0.8289954433632722,-0.009776688035585655,-0.020456522110675054,0.005082254141553508
0.77558024,-0.05724029857583818,-0.071580095843232,-0.6852287021120999,0.003162839939839587,-0.011982239441291304,0.0028217760859185564
0.783657654,-0.16377943160325997,0.12275888698081588,-0.6141817421377509,-0.014554332810741331,-0.023124686824828898,0.005206324928264308
0.791963379,-0.18446114612615946,0.024253905079825118,-0.7220398900227641,-0.004183211191119085,-0.024098900413105057,0.0027520142531785126
0.800153936,-0.12499906077487567,-0.0373575583590194,-0.6953773207015511,0.002841927687973354,-0.020064489176380523,0.002357090177019902
0.807916506,-0.2437757647342392,0.11930993702439971,-0.7557031483608413,-0.014767609417596722,-0.029693541450927858,0.004504752954074416
0.81610406,-0.18222006829363804,0.03486445735557271,-0.6736318147520233,-0.006574325778581475,-0.023362729119291124,0.004432446952940934
0.823977119,-0.19173653331905652,0.014440691585080982,-0.8230361448817205,-0.0019097851197314934,-0.026194601109667457,0.0021024113791792217
0.832028831,-0.24966626934050168,0.11209152946510056,-0.7720114262403684,-0.012418533474830606,-0.029942529318797567,0.006215156405329352
0.839817592,-0.16686028012806586,0.11349525495847407,-0.6076578576707564,-0.01477116780074517,-0.020942679095280334,0.004363861470658236
0.84782265,-0.07259289388581315,-0.04559402453206015,-0.5018018726286775,0.0029395027829181722,-0.013919260504044975,0.005495099310870845
0.855840979,-0.18434295974114998,0.10610970602194728,-0.6363965651380165,-0.012526998789808064,-0.024615693289565865,0.004858896535875755
0.86416598,-0.06920054966253894,-0.023970098938526682,-0.7404435363250478,-0.0010839499602068661,-0.010594754335509037,0.005310369961183734
0.872059921,-0.1852668214036007,0.060873818208808064,-0.7102357502445247,-0.007672526058267821,-0.02275097282983517,0.00472948683966317
0.879757818,-0.29001066098171163,-0.03398630850801178,-0.5860255327999424,0.0018146424261348579,-0.03897145695527333,0.0037673375838857283
0.88810887,-0.2516409094312289,-0.05609136972421219,-0.7835199540435349,0.002705218448733104,-0.031903332432067166,0.004221855836815353
0.895956018,-0.18262711995794728,0.08577694034165265,-0.5679785793933398,-0.008540906480670254,-0.02557983729041569,0.004101536273217623
0.904219629,-0.05078167098042091,-0.018728353444424563,-0.6191581361507033,0.0013969354170278773,-0.013314167208000254,0.0035662419637365354
0.912116922,-0.16400752765537482,0.00489416946805403,-0.6661100933809996,-0.003010852838544369,-0.02349802369080177,0.0009994599852068081
0.919755524,-0.25592049463770267,0.022656401840858625,-0.7216887497595572,-0.002433387899347986,-0.03067463975164878,0.0017758822265959062
0.928032754,-0.0659287726962313,0.05617056392405416,-0.3996213101332383,-0.009723323665580024,-0.00890224778731266,0.0031927231847838434
0.936082022,-0.15760427460055654,0.0843956738796119,-0.7033556742688105,-0.010197025583606974,-0.022852151977812166,0.00483582344988126
0.943639119,-0.17220813605412968,-0.038120572275417264,-0.7648710350210316,0.0014344540997138443,-0.019907268122793056,0.002609607674341996
0.951734902,-0.08520124000784653,0.0912546194777688,-0.6348068794186078,-0.008981350416664886,-0.014719195689635277,0.004769296163070883
0.959956468,-0.22806162501172972,0.020157035076788697,-0.7491639791795145,-0.0030348436951096428,-0.02864036277971648,0.003797530100846374
0.967792022,-0.07906820282378092,-0.0024196492118694485,-0.532654298824244,-0.0013901263441136393,-0.00957417280441549,0.0023462719684087326
0.976082243,-0.16364058787438898,-0.005566337432535935,-0.6306661625560948,-0.00029638899840558495,-0.023867211279204447,0.004765377245863684
0.984018298,-0.02588665985237981,-0.027206503925314846,-0.5775833362317597,-0.00016261723896802797,-0.007002822936855394,0.0028635229600081948
0.99593628,-0.06910030068844579,0.017209790223743818,-0.5947010526627826,-0.0029032886677347537,-0.013923428539640237,0.002233003200661126
0.999458302,-0.19413887092152277,-0.013769193628345958,-0.5380844843788919,0.0003435744700307586,-0.0245332841387581,-0.0014946672024532502
1.008033195,-0.17557330412994318,-0.007359553813317904,-0.7421595324245481,-0.0009857050307288573,-0.023145026726634838,0.0017987013000822
1.01600885,-0.08467912445851443,-0.054084852737003086,-0.7832992571408119,0.0038326207978881654,-0.014654833656644082,0.0029983397104305174
1.024160087,-0.2762519989955489,0.053557785919886775,-0.7035270704924472,-0.005490798622290088,-0.03500206215412017,0.003561863943536607
1.032151666,-0.14410245718007034,-0.029432849850911533,-0.7596721076039527,0.00024583895751952066,-0.019746927067213704,0.0047822862268484525
1.040056293,-0.23825907376224328,0.08832142036015528,-0.7940838460718316,-0.00989286965094188,-0.032865891534684125,0.005006008219936892
1.048084609,-0.1409894492057452,0.06034756297797246,-0.7022497675018394,-0.00766632147869053,-0.02275146301494569,0.0029337270751994366
1.056134994,-0.22504259214460795,0.07728545596609887,-0.5133204887041948,-0.008388986405499852,-0.02909422034029264,0.004504145589885555
1.064022999,-0.23522260680841794,-0.010652406295451985,-0.6519119392661793,0.0002830380412581113,-0.03039946857122232,0.00513962998080051
1.071965759,-0.08833688281137222,0.15957652156333868,-0.7020881138656947,-0.015881561687691476,-0.013447251801056216,0.003175793356406059
1.079998475,-0.05882616278764286,0.08086911623436861,-0.7303502093143206,-0.009734103043020722,-0.010371735766874687,0.002939297542633343
1.088123451,-0.11362423124084746,0.05157537489177309,-0.6928513629571678,-0.008190040202081805,-0.016729684584809043,0.006043014375343793
1.096119151,-0.14216694675210467,0.03758323567899522,-0.6991523045811981,-0.005291628316833302,-0.021615426679841447,0.0018882852205528262
1.103801054,-0.173045914927534,-8.250457745065387e-06,-0.7435519939575382,-0.002276771188913377,-0.021338682534769126,0.0031643912377571468
1.11161405,-0.31617724706179906,0.06236878737061159,-0.7742926856578065,-0.006986489898686012,-0.04019979053667523,0.0031224202672329115
1.119533413,-0.13866350543952954,-0.0023170529788752586,-0.7986437957041403,-0.0014644369302311885,-0.023627125747252384,0.005892222897914682
1.127807361,-0.28410790169539,0.0098438121170938,-0.6581886640802088,-0.0014399507063303665,-0.03480267715382337,0.0010298429898597762
1.13558774,-0.27937626854366987,0.08253373466831652,-0.9532813125586944,-0.007811760514843976,-0.03572150235753439,0.005669493532767341
1.144050887,-0.23196527200165182,0.239012460220693,-0.6640189576185901,-0.024639595332701384,-0.031291940472131595,0.005322025276954416
1.152141711,-0.15029749281341742,-0.032012424073373125,-0.8154563938586459,0.0045483366479039744,-0.023008613813462114,0.00465182318913398
1.159851341,-0.14586405393090193,0.0229772826665229,-0.7389469434192361,-0.004123167632236676,-0.02202809902109746,0.0023470527435258126
1.16807605,-0.1176029599839863,0.03061348802811093,-0.7383683437370013,-0.0038328763464223897,-0.01492425983847114,0.005571432614808095
1.17566744,-0.20462525491228414,0.007243847488620905,-0.8902165629756088,-0.002868945052881938,-0.02524378398201261,0.003676272492585887
1.183556841,-0.10152829814806004,0.09625085634399311,-0.7566534016715363,-0.009726467187436708,-0.014495477134601175,0.0020600208610777157
1.191964884,-0.22892223499899506,0.1112506667371575,-0.6927853489395627,-0.01055053732196827,-0.025724696563337958,0.002090178852575247
1.200100056,-0.1008149474959627,-0.19005135612239893,-0.7512901515066245,0.019058726293552705,-0.014358523850269044,0.0012147892924888645
1.208004614,-0.1264481213118113,0.01668931780585451,-0.7632991732246787,-0.002923704114144122,-0.01668174300793802,0.004623268330412949
1.216137482,-0.16436366738229088,0.1504380816152096,-0.6976306248245744,-0.01602490167806949,-0.019231381806275896,0.0028469940205626946
1.223959556,-0.15863501082010628,0.05414383576223307,-0.7370281577626636,-0.006057759275074297,-0.02341847581048025,0.005871119511982242
1.232109047,-0.14469795976241523,-0.0697156090058622,-0.7008917089629242,0.0074162645380720475,-0.02038069353683644,0.005187491617473016
1.23992735,-0.02445679690589234,0.06008105456526643,-0.6532462090435678,-0.005367769686024575,-0.005312349437098067,0.0035524071955208352
1.248143399,-0.20057182254656714,0.05499895427977343,-0.6675957751598476,-0.008290700820838454,-0.02623330608410052,0.002952933033870381
1.255906667,-0.21870421816131108,0.08453837962385127,-0.813364321109816,-0.010223853842555418,-0.02956931331000954,0.002633054953026899
1.26389231,-0.17080429188898463,0.10802685429697424,-0.8971410909647936,-0.011094474146072512,-0.02160392704800423,0.0032044841631918316
1.272067292,-0.15636750667676005,0.0638098007926719,-0.7952575332440935,-0.007600220442374453,-0.0230348734751965,0.0016092117418446826
1.279991824,-0.0322214041177245,-0.04508736523809727,-0.8583525321825478,-0.0007644331805888678,-0.011009892268878477,0.005985245179008027
1.288168971,-0.024709909609959273,-0.031030791994076094,-0.5798497809044679,0.0002709523315657307,-0.0063192926418476495,0.0024220668543621956
1.296114316,-0.20493182175235797,0.030331970999433924,-0.7007161075576944,-0.0065677315435412244,-0.027582137488887125,0.004117487425838269
1.304153806,-0.06959537063521218,0.12430993219523022,-0.5924184365692244,-0.015513198090763507,-0.013107372656465312,0.004247463264621943
1.312190433,-0.09898578945843471,0.11435689191463816,-0.7717416685449201,-0.015236948238025055,-0.01702960391387428,0.005148232062707502
1.320196749,-0.19628326164907572,0.014181790736985,-0.503215141767858,-0.005598164852613296,-0.028938343070462988,0.004229478350926272
1.327917763,-0.05152695951844767,-0.026442593566186688,-0.691382810726406,0.0002528790046270671,-0.012044432313193108,0.005161214523834994
1.335688924,-0.25631655388043,-0.011931970930571884,-0.8913948007130454,-0.002015314246482652,-0.03398369101699877,0.0023559316129582635
1.343961474,-0.20650056045213944,0.022612292790295203,-0.6380236287732968,-0.004808168194501788,-0.02701750408501883,0.004165654663829058
1.352048387,-0.16290973416075838,0.031017070207279843,-0.6790041469986353,-0.003687467326768298,-0.021445154606990268,0.001377096344180098
1.360172595,-0.10680364944768722,0.07602105929555748,-0.6990537215567174,-0.010661698839156075,-0.018660956487521706,0.006802692285674917
1.368181215,-0.23471043154916493,0.002921600811759184,-0.7788582885414752,-0.003533876806460602,-0.031048034178743765,0.0023018027776011583
1.376014464,0.06955255198728492,-0.039324701827541664,-0.5914249330720157,0.0024830054749087043,0.004029667064037843,0.0019546338025494547
1.384141815,-0.12350227148360506,0.030024510098612747,-0.7030169185642202,-0.005010982758151109,-0.019522737347526326,0.0042832049948592354
1.392005585,-0.2001204357301823,0.12620760653920193,-0.8537725391839386,-0.015111153033588938,-0.027710635361542155,0.006078549527956411
1.400198796,-0.1460771458622983,0.00909454533955873,-0.7104463333118228,-0.004681635416114957,-0.0191502245735539,0.0038962852099097786
1.408173194,-0.1982041003165288,0.17363069756564087,-0.6815880531503254,-0.01695300668345997,-0.028355734915558043,0.004458642898560619
1.416162329,-0.062092098227929056,-0.0496289865183351,-0.6460272224168359,0.0013967829623463103,-0.012888696709652375,0.0027766312868750757
1.424100689,-0.2564264044494713,0.05300929088760772,-0.7040296249985589,-0.008795966188503345,-0.031113058147327566,0.007245412639556661
1.432172516,-0.07189107465283273,-0.09881279096245138,-0.8885413991906755,0.006908511596179846,-0.015495098461132504,0.0035744179807419806
1.440056889,-0.18338687868758985,0.07081567738059032,-0.79753859113568,-0.008298651836590787,-0.024525070922182025,0.0038510298910667167
1.447940634,-0.21840413610517304,0.12015809866942738,-0.8563665655672956,-0.011546101282122353,-0.029037651676411907,0.0032696428479860613
1.455711585,-0.21544320035752387,-0.019967519624477625,-0.8620332803604532,0.00183599656447453,-0.030840801487609006,0.0043685167874355155
1.46382825,-0.14415493134951238,0.07977434663759699,-0.737430687502539,-0.009478363544685418,-0.021673685762664055,0.0047516054451161365
1.472005327,-0.2030925786940314,0.1185580850336676,-0.7070479184976203,-0.014306829822355503,-0.02671039294090856,0.004899620014796034
1.479972183,-0.15764876301269426,0.0342039722749996,-0.667920087615571,-0.006935932812976751,-0.02292931036954795,0.005429126225815843
1.48799547,-0.2545223687758362,0.09744191093509483,-0.7492665000491716,-0.009634156050120182,-0.03421956730560191,0.003129248070816806
1.496084827,-0.33947078787434976,0.013708406254105701,-1.0331980031910284,-0.003292604081600143,-0.04338211073892149,0.007609568917199448
1.503851797,-0.28148937634247484,0.10991035140320365,-0.8939320645536545,-0.013821640706711342,-0.03706111965867868,0.005266458769120104
1.511910703,-0.29667167647546216,-0.03806480310977546,-0.7770488409340865,0.0017358327882720623,-0.03503333988552054,0.0029711631768960466
1.520124168,-0.21139973609562013,0.051119767084531836,-0.7346710147580275,-0.007169484567928899,-0.0303241170603812,0.0027303083996014165
1.527904547,-0.22129051387276508,0.1358278273522512,-0.8585732947754495,-0.018508003788820827,-0.03215650699553829,0.005882253982522312
1.535867981,-0.14857907329418843,0.0035450203916266992,-0.7871173624705011,-0.0031885041015970597,-0.02068312425823092,0.006404699019645418
1.543773585,-0.2845905650996798,0.08341155876038704,-0.7996722576353029,-0.012375600682095925,-0.037134192819180276,0.004924805019056368
1.551963165,-0.16195580052920028,0.0799069411358971,-0.8351795349600024,-0.00872431980923373,-0.024122964136767386,0.006061676119699155
1.559791176,-0.18265938937360507,0.014152735833440136,-0.8699174486534074,-0.002126721855321049,-0.025604961331526874,0.002361957798612669
1.567592857,-0.3460173740988654,-0.0005957006044476354,-0.9776442828134532,-0.0016102545058894536,-0.04306520517610027,0.004759070436395931
1.576021223,-0.11381469042221093,0.06149888041392409,-1.1649581093749533,-0.007974968362337246,-0.02094663685936714,0.0035200976564785337
1.584169177,-0.1513818331055896,0.03515058934951237,-0.9939882909271661,-0.004003940931686176,-0.02451466104315518,0.0052951675991917795
1.59209308,-0.07625088297187523,-0.0748603288602386,-0.9118487572660728,0.006680185231545286,-0.014362231431670086,0.002130778657517221
1.600052113,-0.16899918800694771,-0.01933942135826308,-0.8304769134802938,-2.678123949634943e-05,-0.024969823908129553,0.0053683592826180414
1.608067439,-0.23568043751311077,0.07296545216532602,-0.9697619264550794,-0.009701215548885962,-0.02911490816151283,0.004815248473591461
1.615874009,-0.18982676244283808,-0.00143178632655179,-0.9339221767628272,-0.0015051242269573809,-0.027431028298871125,0.001414899508686233
1.624170445,-0.17937540468657687,-0.03597624926739386,-0.7666704957256126,0.0038688972104740445,-0.02328767010026599,0.004284062217905347
1.632065853,-0.15436261760198053,0.07167158998212102,-0.9100552130389205,-0.0095659393934808,-0.022322974832760866,0.005941703181937862
1.639938702,-0.1975970356379239,-0.0060784904229231745,-0.9159723540633861,0.0014805587347514557,-0.028152689271017637,0.004649318452350122
1.648098808,-0.06632642544754327,0.012852901206586012,-1.0423285987096584,-0.001137108291115842,-0.01202634683588345,0.0029439295270939085
1.6557548,-0.0940694593150899,0.017263962857047482,-0.9484066650034396,-0.004345681824993418,-0.01818121509219569,0.002933713017144491
1.664101243,-0.20052086949580447,-0.014443603764850155,-0.8880403848713196,0.002763093159034717,-0.02870869385169594,0.0037611973930350645
1.672039463,-0.023254756489587,0.023371419701560765,-0.7565652959963922,-0.002539648651617194,-0.009902975138575848,0.003682195093810422
1.68004089,-0.22927327265610706,-0.08997775642505315,-1.0282273570054006,0.008467942427548265,-0.029611133589421242,0.005417888222644947
1.688130387,-0.2378100863333545,0.04958866630444571,-0.8530207776541646,-0.008459235772782701,-0.03106408355771696,0.0033704938313087853
1.696132373,-0.23090529301127607,0.0945772709893049,-0.5927080385721015,-0.009977744577093463,-0.0291649025932175,0.003530758822227773
1.704137781,-0.1966173248066744,0.116141436752522,-0.6852560105351366,-0.012436322314954989,-0.02852971316333637,0.002171024265526692
1.711858725,-0.18462107878871517,0.011669487974726271,-0.7533182219264205,-0.002846452216809645,-0.022916203486702747,0.0022781246771925506
1.720077288,-0.06437883683419353,0.04097805088499252,-0.7852423116999313,-0.004842254811356133,-0.014693042781890013,0.0030409715565420693
1.728078855,-0.31040249775072426,0.12335861037541745,-0.7924292207220724,-0.012979584833423742,-0.037172170213794944,0.005007170371321237
1.736146701,-0.18024412151414929,0.1245102661893588,-0.6939003478383043,-0.012208733247120527,-0.024378292272113886,0.005486496039812948
1.744046369,-0.15063457365970143,0.04148404665785567,-0.8674377018487314,-0.006803569852205748,-0.023962229855973544,0.004624214252949737
1.751609962,-0.03164586180537778,-0.05872103362652337,-0.9414611418457562,0.003333553013824146,-0.009475516207456108,0.002209272016796971
1.760118366,-0.08956716211002005,-0.04349084712898417,-0.861809071152368,0.001832410670134196,-0.012501678879094274,0.0040178608082074106
1.768188726,-0.1381088788930674,0.052350882561804646,-0.7752407114741331,-0.00645226399953756,-0.019880858695454667,0.0025831116500253247
1.776121429,-0.15312228446987428,-0.0076173820965463185,-0.8293089335901612,-0.0023365811610476786,-0.023861570316285212,0.002355012021463598
1.784141015,-0.006947546890909296,-0.014990283447124456,-0.8938651703591846,-0.0008237381198737527,-0.007511634545716815,0.0028702959405593797
1.791918531,-0.14562249397520408,0.014224806791174043,-0.740117575492488,-0.003133884352811203,-0.020878800916113074,0.0037003184220475533
1.799671113,-0.23345592337176907,0.10651883893286138,-0.7859706486510865,-0.012869277856505249,-0.031297044689252686,0.0034566738359673942
1.808001423,-0.005739855702575974,-0.0367023303349531,-0.8590045422095278,0.001718252271101374,-0.007479141955036171,0.0044825789632805995
1.81612591,-0.3105324114086226,0.08382370737258124,-1.0207992319371106,-0.010293835641110808,-0.03735878980598935,0.006513498941152836
1.824047997,-0.3184302675084186,-0.05007953209272725,-0.8577113964971187,0.0027102866998319998,-0.042553092974105436,0.0060439205635622025
1.831867767,-0.17674811478837366,0.12922531557278283,-0.7924996326976314,-0.015633286781439045,-0.024499484379724077,0.006519131607746348
1.840153587,-0.20123367860141206,0.05312268819531093,-0.8050328245707434,-0.008056719218717414,-0.03128912376333865,0.0036594121846010596
1.848077909,-0.11021179171147374,0.034514951031632116,-0.7592904531194736,-0.004433444012124981,-0.018536067808331502,0.004204780016248576
1.856072422,-0.2991723067400584,0.034279900746115,-0.8949694065353601,-0.004048002017953143,-0.03835857671629815,0.004328021800740231
1.863990738,-0.2855666329752645,0.00242161871984084,-0.9209096665499287,-0.002459640644542606,-0.03662039495554441,0.004712938977708195
1.872107263,-0.1564185826738588,0.1181621794385949,-1.0123668917714643,-0.013437700293940983,-0.02105540995962908,0.003562437285066899
1.8801837,-0.22907398742785365,0.09295405605435061,-0.9873639236271936,-0.012610453413910677,-0.03356514207888243,0.00396961270247619
1.887987266,-0.19070027740557138,0.0016187730702107023,-0.8777336207458015,-0.002700777202318324,-0.024783867948381288,0.004497735782006993
1.895839652,-0.027766118760261162,0.04606963753643993,-0.7961222508884693,-0.003710964333242293,-0.007975411075545885,0.0034809439624958714
1.904161231,-0.2634220417919556,-0.039533256730305805,-0.8373815145579738,0.0010794953552780368,-0.03726020050351919,0.0035797848396225095
1.912079337,-0.26684229684285954,0.004838354143732307,-0.8374039609462829,-0.002985113109956249,-0.03565284085890743,0.006014854094895188
1.919922923,-0.10715125443029615,-0.019999121781626883,-0.9082533136740405,-0.0011931818466298367,-0.020150236230155966,0.00419187192750698
1.928093296,-0.14807380274574086,0.054746106472777584,-0.7926024631835212,-0.006487517861736903,-0.023519831968081075,0.005066254572424102
1.936090113,-0.20703569069966046,0.15545869471406554,-0.8790353802789507,-0.016594470375675012,-0.027995722624682258,0.0037668664439729172
1.944009128,-0.19516899898927567,-0.010554187737308526,-0.777633536548647,-0.001562407609643257,-0.02714449169431498,0.0049029447697565
1.951874923,0.031468381801816325,-0.20014656847176907,-0.8347501583584147,0.017562201595610324,-0.00346644030412197,0.0021059793360929777
1.95981901,0.039265156791302436,-0.021997677510931,-0.9112117240427123,0.0006975311845244733,0.0015755741944333966,0.002010289401774855
1.967441479,-0.20285355716821168,0.08898385888349039,-0.9051187971535287,-0.011167167255896806,-0.02895344857892994,0.004334197992148272
1.975536493,-0.229355199473271,0.09672001906483521,-0.8301637691673417,-0.01252318666377513,-0.030153354859877256,0.003947223322848329
1.984145119,-0.0792001221194986,0.0626783869942278,-0.76735343081595,-0.008358941471677383,-0.01368960887094456,0.00375033601691395
1.99184162,-0.16008250824576706,0.09354755764438004,-1.0239190931701996,-0.010548712974400553,-0.02337481943450979,0.0035051505353266344
1.999719218,-0.289568801330173,0.05861979704635764,-1.1550215635714365,-0.008411665402613094,-0.03870652489057975,0.004564295752244128
2.007516429,-0.29162023838653933,0.03865092817337688,-0.9510461861958461,-0.005252929958596462,-0.03696411594442676,0.004745545804005479
2.01613197,-0.08263959735785179,0.05449685126649513,-0.841879076447866,-0.00540126179391903,-0.01681623936837394,0.0016270847098105883
2.024078641,-0.26041681341865586,0.1100364676126629,-0.8227424980096208,-0.011945029504668319,-0.03371794815934654,0.004550253617875356
2.031766062,-0.09937021808408482,0.0025687445566715816,-0.8115012570475889,0.0003258557340761513,-0.014984794221765373,0.005615631779565946
2.039584854,-0.08797617151679468,0.07875646690310079,-0.7194351471441567,-0.008930490254064477,-0.015969331900100255,0.005295246765758845
2.048109462,-0.05699663886232127,0.059125596510145796,-0.5944725893913473,-0.010014456764185265,-0.013587980973674585,0.005287431703150372
2.055933073,-0.12024124486660245,0.05427461472753861,-0.8007329607507856,-0.010063192125792427,-0.021069119897682415,0.0012130114131580518
2.063944836,-0.14761203621482227,0.17091897566596018,-0.7056881836141291,-0.018006365149759937,-0.02117672653515216,0.003946038798062447
2.071900657,-0.0960105995867097,0.10799149670201665,-0.7079533216145756,-0.012887625619198597,-0.016983316208458596,0.00653720195798127
2.080064395,-0.08285109035655477,-0.032338079378103776,-0.6633265465092345,0.002202102581601498,-0.017429082758080076,0.003908710351520095
2.088103536,-0.09648995261053911,-0.014889552515847608,-0.7036381031579907,-0.0007973244147063013,-0.015226133999422273,0.004455372051753736
2.095987071,-0.18943838759601808,0.09440709830404972,-0.7838437029781524,-0.011823196793058181,-0.027087896744540686,0.00599772444783356
2.103876752,-0.2606136893009523,-0.07806037307564191,-0.6823543082060861,0.0038898810404356682,-0.03802442349950589,0.0056246311259017055
2.111764128,-0.10744383208118288,0.051253590194152585,-0.8334934906033418,-0.007413796867880159,-0.014486212824017873,0.004855920427763116
2.120144932,0.001382153133656682,0.05689765809289056,-0.5193432847505955,-0.009484043891733403,-0.006511480207234834,0.00392537330684647
2.12784695,-0.16036938234299372,0.12899203751354804,-0.6666187324856968,-0.014314592849925867,-0.02305870348573919,0.00565761071840004
2.135932536,-0.2012845466299806,0.033420612961122316,-0.7806885093157551,-0.005087611019260715,-0.029671841972554795,0.002600078596743092
2.143951493,-0.24867352795118972,-0.022898555388411124,-0.6726513472416086,-0.002466207402715443,-0.033595731857205616,0.004091341771063583
2.152009421,-0.28014481722309265,0.008270637109082962,-0.8752112149488641,-0.0028753399804000426,-0.033865212006879336,0.005348486737540554
2.159756766,-0.1749777327294813,0.20486926756489046,-0.8607074923115439,-0.02069844955878647,-0.023935991262284084,0.007709072138171115
2.16767159,-0.12255651934577949,0.12684540405959474,-0.647268616802663,-0.014446502356850426,-0.018045464946292313,0.0024136018063092234
2.176071041,-0.23878693650074917,0.042760662013333006,-0.6602265321527715,-0.00788991213122303,-0.02987945452960822,0.004279345946919228
2.183760837,0.0072243716055347025,-0.04570927809691272,-0.7677188919734181,0.002439021630419844,-0.005706596644742105,0.0031935721402280197
2.1917946,-0.17608569186883616,0.08459436924804517,-0.6993515023208383,-0.012141578147790254,-0.022966592011472324,0.006585341421937479
2.199958757,-0.2351142196512469,-0.013668484260146177,-0.7161644629837234,0.0010742968916895084,-0.028410827376261,0.0030793742540945225
2.207846483,-0.19089263288052202,-0.001777376720821025,-0.7900788869199793,0.00122453501179424,-0.027298540373862375,0.0057809016559580316
2.21571577,-0.28450034517222483,0.0940061620333722,-0.780381888037782,-0.007825301913898488,-0.034356982441594255,0.006110280171875452
2.224065984,-0.2787163369947639,0.14734882830435342,-0.9160003222751372,-0.017438706255254323,-0.03685100806953033,0.0041355411881692575
2.232032351,-0.08155810286661817,0.10451831748370638,-0.7768915094709377,-0.012717570797040563,-0.016269796342863296,0.005263593181931019
2.239665435,-0.2831408935298742,0.08812146796500228,-0.8321360908731266,-0.011698106434180823,-0.036051631550656216,0.007561947845927876
2.247634665,-0.17580865668394988,0.13296092907823787,-0.8627528685572167,-0.014241416044026558,-0.02501281199652307,0.0036609266076027156
2.255999196,-0.09336903721724152,-0.007586805267971744,-0.8357009804700894,0.0006460625486822164,-0.012100810470692884,0.004020705704165885
2.264080172,-0.2127897356949007,0.10857083187119454,-0.8660211248965832,-0.014321119669244388,-0.03000911391239552,0.005223096235741212
2.271963149,-0.060074686871491624,0.09035990129539906,-0.7486754117563217,-0.010617771118029471,-0.014093900488313518,0.00605028399005067
2.279924417,-0.01702586069392167,0.1221492502098095,-0.6784306698847553,-0.015081485814553566,-0.008625482068797534,0.006137690208825268
2.288039406,-0.146171515728185,0.0486229953493825,-0.787326266335449,-0.007830733582986908,-0.022181473670563286,0.003741830268487332
2.295871468,-0.13172233367178243,0.18342669585970228,-0.8833015411916485,-0.02026509316637765,-0.02317513145616959,0.008255150992622468
2.304110424,-0.32988418895952715,0.06801166117400384,-0.9648317712952147,-0.008071408018343277,-0.04306811542175821,0.006556667173059147
2.312075883,-0.3069335950556174,0.14210644507976494,-0.7458899898720998,-0.016221961190401504,-0.03832426689461389,0.006641150103517448
2.320033031,-0.30876632820913696,0.004547193254858473,-0.8609762989196541,-0.005301699513178194,-0.03848519082417395,0.004667712191992008
2.327728972,-0.1475967441163122,0.06274541635182401,-0.9843180541517036,-0.00865606764662038,-0.020796964423712237,0.0025165275900432653
2.336153288,-0.1491888089516184,0.07728306175437177,-0.8601879334898833,-0.008989245446182256,-0.021233235307818725,0.005434211039873034
2.343909572,-0.03845028573435384,0.007768559655967323,-0.8233379531963112,-0.003221346092015429,-0.011684625357243163,0.003962530125452633
2.351732345,-0.21249226993789455,0.015353099091660105,-0.9492675012424888,-0.0035679308047571042,-0.027388125384337613,0.004947115356961512
2.360139898,-0.25798785714934513,-0.04794862773250497,-0.8972722478307942,0.0035086958312342633,-0.03339128715514979,0.0025117370884005503
2.367635466,-0.18324408332101216,0.08875808426440816,-0.8824220021892045,-0.010612928584534744,-0.02706291219585473,0.0040276452517801625
2.375915978,-0.08864598177089582,0.04723235674260432,-0.8499170704234719,-0.006223518510457878,-0.01661347984683728,0.003571687792923304
2.38344025,-0.2499602861807625,0.043184243008653804,-0.5605687062932059,-0.00344871517704106,-0.0361842009985628,0.005496370268204498
2.391375607,0.013152475543840497,0.029422061524154233,-0.6539918605750139,-0.003797710461011256,-0.0059085262579417,0.0029950275627246012
2.400165401,-0.2711331369620519,0.025832418548046333,-0.8814332611498642,-0.002494110350156413,-0.0356900407095615,0.0028993623641859543
2.407795832,-0.3325186354679289,0.022875542756503817,-0.9684334069777578,-0.004219385718458604,-0.043700755300017435,0.007509856976312054
2.416077322,-0.3043861617281248,0.05381360941343271,-0.9671864987680325,-0.007113375161464596,-0.03935717076092922,0.00704973512830669
2.423816495,-0.236779643177515,0.07026634093500146,-0.6936457182491478,-0.008005728878224745,-0.030909305164706916,0.004513641370413058
2.431865763,-0.2126485608434069,0.0170096745766994,-0.9273337509166603,-0.001942101960705113,-0.028998374464318757,0.003629505313281016
2.439928581,-0.3276180431948802,0.09745285352887963,-0.9309679619158003,-0.011444905231716979,-0.03981190491041514,0.006207940287182367
2.447797309,-0.33425689699979316,0.05967926531782164,-0.7895609120404091,-0.005976215368270907,-0.04273776572474548,0.00541353336954721
2.455725054,-0.15782673494341734,0.055858982688644004,-0.7151760293182782,-0.005137190545490885,-0.022569230643018533,0.005007109928487606
2.464134563,-0.30633798333118256,0.09979298821094179,-0.8506806511722556,-0.01084673375418361,-0.040012834751077,0.004024526011979032
2.472158897,-0.15112256821027562,-0.017930928354477807,-0.7604137549875263,0.00023338957372308951,-0.024188332408396223,0.0012184914564269558
2.479761112,-0.2802820526052941,0.15721496715072814,-0.8358070454229852,-0.016639107939798815,-0.036333400406654934,0.004779655298566268
2.487817574,-0.08216613268017342,-0.04935714872373771,-0.7385161061574439,0.002498212116337516,-0.014662486210460408,0.002535132224659781
2.495539217,-0.22508001831177035,0.06421142914977523,-0.8042421764950896,-0.010712309070606725,-0.03050873049825368,0.004219406307082318
2.503927005,-0.17219144392699642,-0.053482291743571234,-0.8058772327577239,0.0032862760660449307,-0.02501887066537732,0.00161756166029158
2.511962585,-0.2424842065616283,0.03936267451936069,-0.7279634645429185,-0.005853672844851816,-0.031269526812050225,0.0018364798997673787
2.519585821,-0.2374244593078931,0.10063930951991998,-1.0021747846251625,-0.011420587522016265,-0.03129785547799914,0.004538343969630606
2.52805707,-0.1828869706450056,0.1443204927503241,-0.8099828635703966,-0.016050453358264487,-0.030588846022819638,0.004293526205318571
2.535660891,-0.16728881615496244,0.11233456677287626,-0.8236550585615154,-0.01324797852717382,-0.023783979508008715,0.00669899158507078
2.544054965,-0.1813765938331013,-0.007172245191208376,-0.9492091155901228,-0.0020713679346726385,-0.027413386809770027,0.0038597896627342644
2.551737497,-0.10583815966721832,0.1448550997337038,-0.8139283609578322,-0.014789279142113055,-0.018124005033243913,0.005250926533306053
2.559635908,-0.30244388105414366,0.014093509591950479,-0.9509118718986238,-0.0069092268852760244,-0.04103578138616462,0.004807383452747217
2.567609469,-0.10255574927569486,0.08507483570545565,-0.8280294584985767,-0.008708426648943423,-0.016489768277187733,0.004496598630771987
2.575527016,-0.08244420120316084,0.12205864430342483,-0.8972342449089343,-0.011720882622128403,-0.015495076038859502,0.0009891179876131994
2.583580195,-0.1660126393626473,0.011466241788291767,-0.8625290994762355,-0.001880877542047629,-0.021564066713232757,0.004652584285491836
2.591484334,-0.07859328231552602,0.08292357310756271,-0.9961712681305284,-0.010604026882674204,-0.012982111995599746,0.0049708199672967674
2.600028706,-0.3414989180630089,0.11849283539965615,-0.9117235541938751,-0.013770111674779774,-0.04203303716540762,0.0037418029960310222
2.607834298,-0.2153441995809633,0.07226496800532045,-0.9700599867532992,-0.008209333786557855,-0.02822409021361798,0.0025184427429984445
2.615910735,-0.28241087332434484,-0.03593316102394212,-0.7004160808255684,0.0004940021282872605,-0.034647846692939535,0.0031678441941443247
2.624039133,-0.19780674363414022,0.0006412902267709658,-0.7752022668247428,-0.0004262537316919013,-0.027365320640433108,0.003257106461600005
2.632047334,-0.3223572171425865,0.06651566327738162,-1.0855435914420355,-0.00897021495170047,-0.04108562767049559,0.004313104488545261
2.639885193,-0.2023123378950086,0.04671528383387753,-0.9198226030060525,-0.006385762948631419,-0.028590883169180653,0.0038817082616580604
2.648046766,-0.1835943605176133,-0.010503118252619334,-0.8755340597122849,-0.0008301574337884936,-0.025006113240732614,0.003247085172222263
2.655957958,-0.11400370850189095,0.01767698896019424,-0.853037094769975,-0.0020248856804597004,-0.01966481059626845,0.0038125389407236633
2.664091105,-0.012335141859376236,-0.019275053282345717,-0.8069931357848084,-0.0004302864189209563,-0.006403350025055708,0.004655111492429693
2.671986024,-0.33455986705794605,0.12264545303038535,-0.98817784473755,-0.013697299495308112,-0.042233918743887176,0.004380327005030924
2.679859153,-0.2383604692886076,0.04257553545624169,-0.8376146446114977,-0.005700984779860124,-0.03129160135043719,0.007204027185731927
2.68803211,-0.154644501558721,0.1608804822907482,-0.7537321217066555,-0.01766129232812112,-0.022899397759528158,0.007057661193828206
2.695843708,-0.2889096228522924,-0.0037278368090335467,-0.6944441809956966,-0.0025692283033293467,-0.03682073553400612,0.0037595690417756675
2.703948011,-0.07508081862795284,-0.0974122519492821,-0.7787680461117509,0.00797106980931405,-0.010398001973084886,0.0021366193155467027
2.712006149,-0.054321629430187944,-0.03591731940170108,-0.8011689300054354,0.002481009069256392,-0.011726345412634162,0.001512352248072832
2.719811392,-0.12519787355044923,0.1054682710087933,-0.7879370053227432,-0.012593543536796868,-0.020830195332101658,0.006146149152451356
2.72816859,-0.29985226698922585,0.10166660626027052,-0.7539535450389143,-0.012392012650666098,-0.037655792742195104,0.004596952988416976
2.735959586,-0.08437891542779039,0.005047256000330513,-0.6666555990470746,-0.0021717797342589557,-0.01622622126020455,0.002867698679594801
2.74369408,-0.1314461363730603,0.043032915010118064,-0.7990607287290046,-0.00598306036239152,-0.020268376355528996,0.003353879870809158
2.751643824,-0.13408175861645755,-0.054837387646614416,-0.9018727649757022,0.00411432734721235,-0.02062403829457955,0.004951872544053642
2.75981287,0.014871020331448154,0.09327561350982366,-0.6090286114342186,-0.010864661403057389,-0.004938893570112806,0.003633793724643499
2.767764989,-0.16349097594166717,0.00034662442426668105,-0.6010436294164577,-0.0035969604387710067,-0.020750277077532634,0.004742624779320258
2.775812651,-0.06986032040500893,-0.0776702004020544,-0.7311111113718911,0.0058812554905535155,-0.012971536267546166,0.004113128249980066
2.78357976,-0.061826758098339284,0.047614509671551494,-0.8658429436185847,-0.004779939969079682,-0.012642861731626978,0.004944970101612423
2.792051498,-0.13499063254612254,0.028242233569759738,-0.7128257171579562,-0.004494204300738847,-0.019146273217830193,0.004129503057413397
2.799448798,-0.06911274188763104,-0.0003941859479886095,-0.7947171603275055,-0.0012749886103260687,-0.014583713318633056,0.0005726667836971707
2.807871647,-0.11829362003419018,6.420692983356846e-05,-0.7800867456187501,-0.0013530918684017915,-0.019112409292666374,0.005127275921442686
2.816126877,-0.1839585387678293,-0.028060696738748586,-0.7338727177980124,-0.0010076181392121423,-0.026181431041270502,0.007856262398165482
2.823741663,-0.06926409444403764,-0.0760046355306931,-0.6560238271108055,0.00620499697578006,-0.012549687245568398,0.0034601855502176876
2.832024969,-0.10407535450956705,0.05610418132372054,-0.5804164494616535,-0.009034023476921008,-0.015769978793521426,0.0042854841049286534
2.839986167,-0.1893407498111636,-0.06516505652214755,-0.6266613461846652,0.003068610566343147,-0.026065921133327674,0.00534744961762715
2.847993321,-0.1025232521960302,-0.014700271659284128,-0.6224781610340108,0.0007579068512909442,-0.018635356227602057,0.004399821806247064
2.855881955,-0.23998485192821883,-0.035170108385053016,-0.62568510990893,0.001476288620835381,-0.032838936636815086,0.003797658119492008
2.863915089,-0.2080783781548331,0.013910753851677407,-0.642717624956794,-0.003146519314883525,-0.028541307143347926,0.005492192194516692
2.871755742,-0.058106666574476995,-0.028982180832666418,-0.6576456274459117,0.00043771291547168266,-0.012702454910867026,0.004794861903142157
2.879900832,-0.14186205699205473,0.027867650869136763,-0.6645532972621896,-0.001594041620028496,-0.023320407076842846,0.0032432045678658563
2.887897719,-0.006986742573972639,-0.008843015806089309,-0.6988317151294943,0.0010287223602693531,-0.008207308019702484,0.004464667123177694
2.896005235,-0.14122856481935447,-0.0807197593483457,-0.6065992975067119,0.008025000121405959,-0.020932531646700215,0.0010514969316501497
2.904050103,-0.06726517036281945,-0.07985285165225724,-0.5414786025113906,0.0035951198767203724,-0.013422672213252856,0.003880265348948073
2.911582267,-0.0756383596140913,0.13268394947455892,-0.7635443024843503,-0.015004930642242243,-0.012576404705486433,0.005566961878038367
2.919855516,-0.14758256854140417,-0.07284677198259756,-0.6991062950139127,0.007206419602162233,-0.024041881220764606,0.0025181097876654495
2.927787381,-0.31720151922230955,0.01452057702126322,-0.6495883812809696,-0.0011397542909547015,-0.03929135026067527,0.004209778980729705
2.935922694,0.026683527999866334,-0.060683624938505855,-0.6439405146528231,0.004530475763628057,-0.006769424365754848,0.002352758379918342
2.943911898,-0.11694999325568839,-0.1322476240593221,-0.5577049491104225,0.011142933475962983,-0.02027859857665519,0.002730491850410303
2.9516869,-0.16909701827934417,-0.022135885373564645,-0.5836705847214436,-0.0025081485386137343,-0.022413977248002814,0.005248162732936902
2.959908816,-0.15030431216966286,0.09463710390633295,-0.5318345870868882,-0.012795218836120774,-0.023385502004229255,0.004421806332737917
2.967746395,-0.15307725130814048,0.04531646899790119,-0.6374655681067422,-0.0037711606513751907,-0.020112346656410155,0.0027944028024202896
2.976039269,-0.11646640587543199,-0.015305971574566243,-0.5935279189806587,0.0005425897444232203,-0.019586993346019717,0.0018307053239595857
2.984101807,-0.27375158290504975,0.03697750426963735,-0.5990109595175085,-0.0031600623127671598,-0.03844655189515021,0.005873889862418186
2.991660162,-0.15253118571410684,0.10553701248589528,-0.5542856380669297,-0.011670170054113459,-0.02193566020785729,0.0037375486764210726
2.99952882,-0.22370480595979456,0.03154775976154264,-0.5633801598677847,-0.006241500414895861,-0.028392890269100645,0.006687893957055947
