Time,Fx,Fy,Fz,Tx,Ty,Tz,Px,Py,Pz,Qx,Qy,Qz,Qw
0.000469326,0.158094741752638,-0.14023459883254044,-0.6361472575088211,0.013747641314378257,0.029075942850490456,0.0048196569423701085,-0.18231703093077223,-0.04461379328207974,0.6078543667432741,0.1513618625021609,0.8586124191350141,0.06188430406620182,-0.48584424787913044
0.035687839,-0.11243891486517898,-0.12358533121792888,-0.8181463713580963,0.00940435794571829,-0.016199545485275,0.007838866099280938,-0.1823053548907966,-0.04462039938100617,0.6078647661465456,0.15136489005340903,0.858595241410455,0.06188647689973872,-0.48587338418911163
0.066700508,-0.3055383839058412,-0.05445592902223396,-0.9088555957425475,0.0022005992698384026,-0.057448497628232016,0.013470249791824705,-0.18231235090095899,-0.044614213432851456,0.6078738917272899,0.15135447358203538,0.8585874950470429,0.06190321190140869,-0.4858881857298429
0.101707405,0.02296228689183316,-0.4847990633913541,-0.938611562535256,0.065499836302706,0.004561608603902526,0.01977634383909502,-0.18231235090095899,-0.044614213432851456,0.6078738917272899,0.15135447358203538,0.8585874950470429,0.06190321190140869,-0.4858881857298429
0.134485284,0.15455263806236585,-0.5229961921681667,-0.5805915836535614,0.07198297140113828,0.024991290716336448,0.0155701757613613,-0.18231235090095899,-0.044614213432851456,0.6078738917272899,0.15135447358203538,0.8585874950470429,0.06190321190140869,-0.4858881857298429
0.169560276,0.5171638812685972,-0.2749695025143756,-0.7460073387143089,0.030473388119061307,0.09599429132433214,0.026336920826473275,-0.18231235090095899,-0.044614213432851456,0.6078738917272899,0.15135447358203538,0.8585874950470429,0.06190321190140869,-0.4858881857298429
0.201349567,0.004887503303061258,-0.4758671508634439,-0.7733242442266351,0.05450481270514618,0.003934325459506902,0.03185739272573721,-0.18231235090095899,-0.044614213432851456,0.6078738917272899,0.15135447358203538,0.8585874950470429,0.06190321190140869,-0.4858881857298429
0.238034584,0.6147357406634096,-0.36727423968853706,-0.609073554089864,0.03439136489931044,0.11869582386461534,0.041627143988857966,-0.18285428958683422,-0.04432330986637771,0.607752524698536,0.15077936357015606,0.8590713941103051,0.061849122511948,-0.48521810496647555
0.269225066,-0.5475069112111157,0.009420785604968975,-1.0485906224687,-0.013523577966444798,-0.0873032285375206,0.030055677092657815,-0.18285428958683422,-0.04432330986637771,0.607752524698536,0.15077936357015606,0.8590713941103051,0.061849122511948,-0.48521810496647555
0.305744073,-0.6029767741811937,0.3012788352171302,-0.43204975483340224,-0.08331949296149922,-0.09305185554455248,0.05382411444395832,-0.18285428958683422,-0.04432330986637771,0.607752524698536,0.15077936357015606,0.8590713941103051,0.061849122511948,-0.48521810496647555
0.336866809,-0.3307768238721136,-0.18667045067874968,-0.8979150374813037,0.008948662409613378,-0.04468923347422512,0.040601806792641366,-0.18285428958683422,-0.04432330986637771,0.607752524698536,0.15077936357015606,0.8590713941103051,0.061849122511948,-0.48521810496647555
0.373634519,-0.6266725077622158,0.187732981820683,-0.6736415514119606,-0.06703870258871622,-0.09652638543270112,0.02246422978937697,-0.18285428958683422,-0.04432330986637771,0.607752524698536,0.15077936357015606,0.8590713941103051,0.061849122511948,-0.48521810496647555
0.405724754,0.43927969052957455,0.744916696287437,-0.426874530096206,-0.16026694283542836,0.08701352362789178,0.0464661342496006,-0.18285428958683422,-0.04432330986637771,0.607752524698536,0.15077936357015606,0.8590713941103051,0.061849122511948,-0.48521810496647555
0.443179691,0.6354550876905667,-1.1759805390919162,-0.7861679292983506,0.14419256657292817,0.11163071354189785,0.07130250087642484,-0.18285428958683422,-0.04432330986637771,0.607752524698536,0.15077936357015606,0.8590713941103051,0.061849122511948,-0.48521810496647555
0.474287204,-1.1204807927097828,-0.17254977296936364,-0.7483061987165731,-0.016314932445244328,-0.1742257937843049,0.09093376179800414,-0.18285428958683422,-0.04432330986637771,0.607752524698536,0.15077936357015606,0.8590713941103051,0.061849122511948,-0.48521810496647555
0.50972397,1.146331984817494,-0.388163730415836,0.9343116199261141,0.01427679839852422,0.22214964360405492,0.07071966440474003,-0.18481808808408776,-0.043278059478750415,0.6072180358972487,0.14915418878509928,0.8607977213476062,0.061457090212235714,-0.48270419197814385
0.542070099,0.9671329386364533,0.18983948974759796,-0.12702775091288876,-0.09311737545823953,0.1953290683089369,0.10527266411318971,-0.18481808808408776,-0.043278059478750415,0.6072180358972487,0.14915418878509928,0.8607977213476062,0.061457090212235714,-0.48270419197814385
0.573979587,0.8575061407422375,-0.8905809301364063,0.15671498215679264,0.0829039711976643,0.18189744206883857,0.08369325656469538,-0.18481808808408776,-0.043278059478750415,0.6072180358972487,0.14915418878509928,0.8607977213476062,0.061457090212235714,-0.48270419197814385
0.610292009,2.0098908430011977,0.3581220123956099,0.14692189810518363,-0.13192516494257958,0.39674105258297,0.1061578849214988,-0.18481808808408776,-0.043278059478750415,0.6072180358972487,0.14915418878509928,0.8607977213476062,0.061457090212235714,-0.48270419197814385
0.642129422,1.8578115965786413,-0.7618994993956665,0.862553489063686,0.03804961963021321,0.3598465162054672,0.11626476947805066,-0.18481808808408776,-0.043278059478750415,0.6072180358972487,0.14915418878509928,0.8607977213476062,0.061457090212235714,-0.48270419197814385
0.677880329,1.3094005988822737,-0.051380660891038946,-0.011127658686737485,-0.07259443156911943,0.2631724925477865,0.11511269163388119,-0.18481808808408776,-0.043278059478750415,0.6072180358972487,0.14915418878509928,0.8607977213476062,0.061457090212235714,-0.48270419197814385
0.709971471,-0.40592893305167166,0.4804416906934129,-0.4146815958551215,-0.1491162728966939,-0.027091358607956098,0.09084561734837483,-0.18481808808408776,-0.043278059478750415,0.6072180358972487,0.14915418878509928,0.8607977213476062,0.061457090212235714,-0.48270419197814385
0.746007605,-0.5918718535602043,-0.039500952565199435,0.7958583280098367,-0.07664871496290437,-0.05644799601694038,0.1327456164597302,-0.18481808808408776,-0.043278059478750415,0.6072180358972487,0.14915418878509928,0.8607977213476062,0.061457090212235714,-0.48270419197814385
0.777680754,0.3411798921382745,0.4521227397591609,0.04181789009787712,-0.16033112328187638,0.11501589393461031,0.12894181564562007,-0.18858197524157466,-0.041232447027603585,0.6061277309972227,0.14626895728194356,0.8640229506642491,0.06065713810855524,-0.47790212853426095
0.814183979,2.0321015759773777,-0.35978704474467954,0.8234152196807638,-0.03543158796762718,0.39626530294912143,0.10521762012139005,-0.18858197524157466,-0.041232447027603585,0.6061277309972227,0.14626895728194356,0.8640229506642491,0.06065713810855524,-0.47790212853426095
0.846164285,2.084631946321284,0.4730764010255397,1.0330684088969209,-0.17510515272947622,0.4234095011542264,0.12627646979366178,-0.18858197524157466,-0.041232447027603585,0.6061277309972227,0.14626895728194356,0.8640229506642491,0.06065713810855524,-0.47790212853426095
0.881612505,0.9688280478372994,0.05700743988670714,0.36364493158650085,-0.1063597551537893,0.21349500505489338,0.10915277721388948,-0.18858197524157466,-0.041232447027603585,0.6061277309972227,0.14626895728194356,0.8640229506642491,0.06065713810855524,-0.47790212853426095
0.91420468,0.6139759689163042,0.8853347356923138,1.1442641625668406,-0.23690817609623754,0.15416579422931145,0.12596145708119705,-0.18858197524157466,-0.041232447027603585,0.6061277309972227,0.14626895728194356,0.8640229506642491,0.06065713810855524,-0.47790212853426095
0.949459373,1.330525911973135,0.6472151392440725,0.4776037577822129,-0.20667508403926246,0.2886103880283216,0.11383754818648104,-0.18858197524157466,-0.041232447027603585,0.6061277309972227,0.14626895728194356,0.8640229506642491,0.06065713810855524,-0.47790212853426095
0.982186131,2.0174620707509114,-0.5537224858841546,1.1224557196577618,-0.028272404992724987,0.4149199864678638,0.12927759391304616,-0.18858197524157466,-0.041232447027603585,0.6061277309972227,0.14626895728194356,0.8640229506642491,0.06065713810855524,-0.47790212853426095
1.017617659,0.8796169127276368,0.3477823036456776,0.7080551654420235,-0.1679130188588673,0.22150616325888903,0.13792453191963205,-0.18858197524157466,-0.041232447027603585,0.6061277309972227,0.14626895728194356,0.8640229506642491,0.06065713810855524,-0.47790212853426095
1.049668293,0.4685832080155399,1.3711284457483175,1.3714931251610811,-0.3402949829242024,0.14981979380509258,0.1419916173708413,-0.18858197524157466,-0.041232447027603585,0.6061277309972227,0.14626895728194356,0.8640229506642491,0.06065713810855524,-0.47790212853426095
1.081597406,1.7272156994951666,0.14753232601207483,0.8920552021826351,-0.14746838142663796,0.37088682094782,0.13836676180277205,-0.18858197524157466,-0.041232447027603585,0.6061277309972227,0.14626895728194356,0.8640229506642491,0.06065713810855524,-0.47790212853426095
1.117672651,1.6693484784697794,0.41366607019210455,0.7333117215303117,-0.18539666457801746,0.3576316143860238,0.1361072296065281,-0.18858197524157466,-0.041232447027603585,0.6061277309972227,0.14626895728194356,0.8640229506642491,0.06065713810855524,-0.47790212853426095
1.14972601,1.8765576210116701,-0.4386832383967665,-0.07333030716600375,0.0033872032778296743,0.41052154652485195,0.12114464304162081,-0.18858197524157466,-0.041232447027603585,0.6061277309972227,0.14626895728194356,0.8640229506642491,0.06065713810855524,-0.47790212853426095
1.185898193,2.1420773207074446,-1.5926992264404096,-2.8123622440546194,0.2354747307077859,0.48600116251534853,0.10857151733511489,-0.18858197524157466,-0.041232447027603585,0.6061277309972227,0.14626895728194356,0.8640229506642491,0.06065713810855524,-0.47790212853426095
1.217212223,1.7820540698913077,-1.8239995083325935,-4.061595316079639,0.29763558462672274,0.4499144539868799,0.10934110686235302,-0.18858197524157466,-0.041232447027603585,0.6061277309972227,0.14626895728194356,0.8640229506642491,0.06065713810855524,-0.47790212853426095
1.253627799,2.191820759699637,-1.742392539612386,-3.991485750820802,0.30246318729534416,0.556971745835954,0.10093219646643839,-0.18858197524157466,-0.041232447027603585,0.6061277309972227,0.14626895728194356,0.8640229506642491,0.06065713810855524,-0.47790212853426095
1.286265161,2.149663027774813,-2.109837738388892,-4.380712024045597,0.31465338332040327,0.5525282129779958,0.1025094747479884,-0.18858197524157466,-0.041232447027603585,0.6061277309972227,0.14626895728194356,0.8640229506642491,0.06065713810855524,-0.47790212853426095
1.321789367,1.9071690768172525,-1.7665981092512772,-3.8374314945888655,0.27767653867913,0.5141793205837201,0.09799191353362464,-0.18858197524157466,-0.041232447027603585,0.6061277309972227,0.14626895728194356,0.8640229506642491,0.06065713810855524,-0.47790212853426095
1.352977197,2.272900747890904,-1.6838966617363078,-4.064989645483355,0.27433263675010866,0.58395988964608,0.09540820076637659,-0.18858197524157466,-0.041232447027603585,0.6061277309972227,0.14626895728194356,0.8640229506642491,0.06065713810855524,-0.47790212853426095
1.353366906,2.4211142160007575,-1.4775868773321357,-3.997385534947745,0.23917625222077166,0.6030877342535522,0.09763181312513847,-0.18858197524157466,-0.041232447027603585,0.6061277309972227,0.14626895728194356,0.8640229506642491,0.06065713810855524,-0.47790212853426095
1.353655765,2.2434607904469486,-1.6653966619682767,-4.2420739033217245,0.26846698900960786,0.5811185801286636,0.09818260181526553,-0.18858197524157466,-0.041232447027603585,0.6061277309972227,0.14626895728194356,0.8640229506642491,0.06065713810855524,-0.47790212853426095
1.353978147,1.960444744303547,-1.760564794228966,-4.028859916620548,0.2747337953744128,0.5432118654861781,0.09883482836243422,-0.18858197524157466,-0.041232447027603585,0.6061277309972227,0.14626895728194356,0.8640229506642491,0.06065713810855524,-0.47790212853426095
1.354259742,2.087332410186389,-1.643323595325164,-4.1658794978614,0.2597055023400472,0.564432936817483,0.10324668232880532,-0.18858197524157466,-0.041232447027603585,0.6061277309972227,0.14626895728194356,0.8640229506642491,0.06065713810855524,-0.47790212853426095
1.389203648,2.346214986920261,-1.7174855140972554,-4.005692752859996,0.27123039034243457,0.597252536557165,0.10145139503704316,-0.2934921499478977,0.02755211180244592,0.5557260143138892,0.05399573722275615,0.9385086921773044,0.004754276515238123,-0.3409740340909164
1.42095935,2.3495387035931175,-1.5628482049411756,-4.157553921421723,0.2659283586058346,0.6107506211549747,0.09597310317130311,-0.2934921499478977,0.02755211180244592,0.5557260143138892,0.05399573722275615,0.9385086921773044,0.004754276515238123,-0.3409740340909164
1.457306345,2.4144410543531056,-1.728204914754653,-4.087114430707538,0.2746744423408216,0.6250048254225462,0.10035005446222153,-0.2934921499478977,0.02755211180244592,0.5557260143138892,0.05399573722275615,0.9385086921773044,0.004754276515238123,-0.3409740340909164
1.489165201,2.420099678468399,-1.540572559433685,-4.072555050610952,0.24548295190919242,0.6265998660502671,0.10139048787752306,-0.2934921499478977,0.02755211180244592,0.5557260143138892,0.05399573722275615,0.9385086921773044,0.004754276515238123,-0.3409740340909164
1.525819213,2.3884616575858546,-1.565440177414095,-3.9814464014766733,0.24598300844703072,0.6218917100939401,0.10042194180948909,-0.2934921499478977,0.02755211180244592,0.5557260143138892,0.05399573722275615,0.9385086921773044,0.004754276515238123,-0.3409740340909164
1.557719135,2.4577807129973674,-1.5885293738429118,-4.057706647340496,0.24789126137688794,0.6287812752630195,0.10239589280762994,-0.317718311426891,0.0475344312553081,0.5365290252216631,0.030410027171854793,0.9503231120061593,-0.02012605114292194,-0.30912158627266473
1.593428349,2.5277386944226325,-1.5266404682141177,-4.312617491330959,0.23449105816652854,0.6398328572623817,0.10344312255267135,-0.317718311426891,0.0475344312553081,0.5365290252216631,0.030410027171854793,0.9503231120061593,-0.02012605114292194,-0.30912158627266473
1.625518795,2.399863736480101,-1.6239804557986104,-4.112297460743917,0.24413671878067475,0.6243249287947886,0.10464845486143916,-0.317718311426891,0.0475344312553081,0.5365290252216631,0.030410027171854793,0.9503231120061593,-0.02012605114292194,-0.30912158627266473
1.657777625,2.3984542091925243,-1.5531608441336082,-4.161855898914726,0.23178129444622053,0.6183330003389174,0.10352216725514368,-0.317718311426891,0.0475344312553081,0.5365290252216631,0.030410027171854793,0.9503231120061593,-0.02012605114292194,-0.30912158627266473
1.693542502,2.3440895999764413,-1.4028157678788404,-3.9671145521408873,0.2180657257619837,0.615444878137368,0.10392181564787906,-0.317718311426891,0.0475344312553081,0.5365290252216631,0.030410027171854793,0.9503231120061593,-0.02012605114292194,-0.30912158627266473
1.725679252,2.5112531704029837,-1.5487549846759796,-3.851848726411081,0.23481447202976982,0.6346599175727508,0.10424335593507977,-0.3308218562671349,0.05920880102394046,0.5244694950041963,0.01721428661488467,0.9555393081677479,-0.03615822505675063,-0.2921316169869116
1.761633675,2.3872275830460126,-1.4059630580652536,-4.044330881930671,0.21331486314233253,0.6179206921513393,0.10270765538726781,-0.3308218562671349,0.05920880102394046,0.5244694950041963,0.01721428661488467,0.9555393081677479,-0.03615822505675063,-0.2921316169869116
1.793799897,5.132870764046114,-1.6727701184160049,-3.1014478775063075,0.2315554854351196,1.2473985909161782,0.07039645891047028,-0.3308218562671349,0.05920880102394046,0.5244694950041963,0.01721428661488467,0.9555393081677479,-0.03615822505675063,-0.2921316169869116
1.82943983,6.69609174074402,-0.6703568145289853,-2.2949785942951864,-0.007897080814911167,1.691653593156838,0.06981710782409617,-0.3308218562671349,0.05920880102394046,0.5244694950041963,0.01721428661488467,0.9555393081677479,-0.03615822505675063,-0.2921316169869116
1.861038811,8.352704026549507,-0.10528757825099017,-1.9659157271101666,-0.14423663129241562,2.1807443935605964,0.09572982355186052,-0.3308218562671349,0.05920880102394046,0.5244694950041963,0.01721428661488467,0.9555393081677479,-0.03615822505675063,-0.2921316169869116
1.897869449,7.77862455035566,-0.5449789499220014,-5.413324240990209,-0.08209804501581004,2.0775563428819206,0.07994332066487479,-0.3347629880056096,0.06286439716042115,0.5205619786917209,0.013154296863397417,0.9569341658742666,-0.0413569150919259,-0.28704280557197465
1.929356755,-2.1139517603905027,0.6643341835792573,-5.4529876789956875,-0.20837254219052634,-0.3491750138499212,0.11118246449922173,-0.3347629880056096,0.06286439716042115,0.5205619786917209,0.013154296863397417,0.9569341658742666,-0.0413569150919259,-0.28704280557197465
1.965228348,-2.4919341333116853,0.36070698656073674,-3.2857868151759453,-0.12619801891425128,-0.6522203980759346,0.12644570951714856,-0.3347629880056096,0.06286439716042115,0.5205619786917209,0.013154296863397417,0.9569341658742666,-0.0413569150919259,-0.28704280557197465
1.997475864,-2.695325814610964,0.46171668061801396,-3.635241895827626,-0.163771714174967,-0.7142358581153933,0.12691480282246123,-0.3347629880056096,0.06286439716042115,0.5205619786917209,0.013154296863397417,0.9569341658742666,-0.0413569150919259,-0.28704280557197465
2.033346409,-2.9620653931759073,-0.08839040702004491,-2.8150637361165396,-0.04696661448051988,-0.7692518675754895,0.12334893229249116,-0.3347629880056096,0.06286439716042115,0.5205619786917209,0.013154296863397417,0.9569341658742666,-0.0413569150919259,-0.28704280557197465
2.066022744,-3.4463107485791444,0.7248136289686885,-2.5164583350232386,-0.21321738926290307,-0.8908674439385631,0.12614495340481421,-0.3347629880056096,0.06286439716042115,0.5205619786917209,0.013154296863397417,0.9569341658742666,-0.0413569150919259,-0.28704280557197465
2.101379964,-3.6177304852429306,0.8540029798988316,-1.2648264934497129,-0.20420250207208657,-0.9725046221086155,0.10399287345670036,-0.3347629880056096,0.06286439716042115,0.5205619786917209,0.013154296863397417,0.9569341658742666,-0.0413569150919259,-0.28704280557197465
2.133498276,-3.1182452890979704,0.5489519421215737,-1.8067163396231656,-0.17575803043994884,-0.8581247941064076,0.12522242133514644,-0.3347629880056096,0.06286439716042115,0.5205619786917209,0.013154296863397417,0.9569341658742666,-0.0413569150919259,-0.28704280557197465
2.165195451,0.62664288678567,-0.06334636898701321,0.6032685491738636,-0.021837916924244194,0.0954710828281746,-0.003580530072192275,-0.3347629880056096,0.06286439716042115,0.5205619786917209,0.013154296863397417,0.9569341658742666,-0.0413569150919259,-0.28704280557197465
2.201565214,0.45185802083052823,0.2566758921722562,0.1917942873146527,-0.05638194543960104,0.06776578270009953,-0.003062468983008578,-0.3347629880056096,0.06286439716042115,0.5205619786917209,0.013154296863397417,0.9569341658742666,-0.0413569150919259,-0.28704280557197465
2.234284571,0.16679428694968945,0.1071556253790249,0.6623437905793617,-0.04072240156021862,0.01071064705428616,-0.0024507254679315867,-0.3347629880056096,0.06286439716042115,0.5205619786917209,0.013154296863397417,0.9569341658742666,-0.0413569150919259,-0.28704280557197465
2.269585919,0.21592132400025957,0.30940824465695815,0.6192533343688147,-0.07378076737922495,0.035936522888639154,-0.0014893158410265034,-0.3347629880056096,0.06286439716042115,0.5205619786917209,0.013154296863397417,0.9569341658742666,-0.0413569150919259,-0.28704280557197465
2.300971188,0.254831340370758,0.4250878579919148,0.5142974864238468,-0.08974624654096068,0.0211831555184096,-0.0025650992370551615,-0.3347629880056096,0.06286439716042115,0.5205619786917209,0.013154296863397417,0.9569341658742666,-0.0413569150919259,-0.28704280557197465
2.337522535,0.32214338410798593,0.18357536445413639,0.5390472793810083,-0.042439688288607544,0.05695992239606746,-0.00024085854982988132,-0.3347629880056096,0.06286439716042115,0.5205619786917209,0.013154296863397417,0.9569341658742666,-0.0413569150919259,-0.28704280557197465
2.36950487,0.30752658581275594,0.08535666916055666,0.5856199449298187,-0.025856498721037083,0.04093889649175488,-0.0009897883245702892,-0.3347629880056096,0.06286439716042115,0.5205619786917209,0.013154296863397417,0.9569341658742666,-0.0413569150919259,-0.28704280557197465
2.404948485,0.4208142253185048,0.26000784551850165,0.291366373477641,-0.05363950517605443,0.06561626201719557,0.0009839176512372212,-0.3347629880056096,0.06286439716042115,0.5205619786917209,0.013154296863397417,0.9569341658742666,-0.0413569150919259,-0.28704280557197465
2.437154098,0.44978885587051104,0.09508126890524664,0.18302219483212115,-0.015414635282880942,0.0709360733140473,0.0008119510668725498,-0.3347629880056096,0.06286439716042115,0.5205619786917209,0.013154296863397417,0.9569341658742666,-0.0413569150919259,-0.28704280557197465
2.47426375,0.4640828443992835,0.11724395586518105,0.22067605851898242,-0.03041460103635681,0.07945979161483518,0.001025350936592056,-0.3347629880056096,0.06286439716042115,0.5205619786917209,0.013154296863397417,0.9569341658742666,-0.0413569150919259,-0.28704280557197465
2.505996197,0.40348194089981604,0.1629319362775605,0.4602099198092819,-0.034717198971934544,0.06911613418658089,0.0015161292924721955,-0.3347629880056096,0.06286439716042115,0.5205619786917209,0.013154296863397417,0.9569341658742666,-0.0413569150919259,-0.28704280557197465
2.541270589,0.5379433137200751,0.2145042047222869,0.3227368801207983,-0.03843312227226213,0.08260185554162709,0.00326066759015794,-0.3347629880056096,0.06286439716042115,0.5205619786917209,0.013154296863397417,0.9569341658742666,-0.0413569150919259,-0.28704280557197465
2.572758315,0.5845026767950667,0.1654084766360062,0.26345992688241904,-0.03508062854942618,0.09945501156683469,0.0018266910233389463,-0.3347629880056096,0.06286439716042115,0.5205619786917209,0.013154296863397417,0.9569341658742666,-0.0413569150919259,-0.28704280557197465
2.609957293,0.46887461868946656,0.1383529122051018,0.1259640484570358,-0.029013754288294804,0.07588553918521543,0.004368228777624496,-0.3347629880056096,0.06286439716042115,0.5205619786917209,0.013154296863397417,0.9569341658742666,-0.0413569150919259,-0.28704280557197465
2.641518841,0.7792690437428903,0.15458305933544494,0.2118064290070615,-0.03570570057314272,0.11929873115558243,-0.0005286055863587763,-0.3347629880056096,0.06286439716042115,0.5205619786917209,0.013154296863397417,0.9569341658742666,-0.0413569150919259,-0.28704280557197465
2.674234427,0.9072749363345075,0.18482981647655405,1.2519191286264526,-0.03123075670456599,0.16678933744952326,0.005502384076067105,-0.3348622133698752,0.06295834573732292,0.5203723935855578,0.013242084487539886,0.9570373940572029,-0.04152777440823579,-0.2866697010974855
2.708937317,1.6333429925602039,-0.3359189345165768,1.6025193482842548,0.03904610381104722,0.3372008439599767,0.0077080866165764195,-0.3348622133698752,0.06295834573732292,0.5203723935855578,0.013242084487539886,0.9570373940572029,-0.04152777440823579,-0.2866697010974855
2.740781787,2.703857766355726,-0.24836219501051127,2.3433663447300663,0.037317675693107885,0.5774614000919823,0.008280309642185454,-0.3348622133698752,0.06295834573732292,0.5203723935855578,0.013242084487539886,0.9570373940572029,-0.04152777440823579,-0.2866697010974855
2.777549501,3.564917768672643,-0.5309128815023797,2.930256120258442,0.09068367061169459,0.7776455879213107,0.01101404435806181,-0.3348622133698752,0.06295834573732292,0.5203723935855578,0.013242084487539886,0.9570373940572029,-0.04152777440823579,-0.2866697010974855
2.809861412,4.045211751848213,-0.6408741015532384,3.0469809792585845,0.1100600356404393,0.9124283721118729,0.012762909747647287,-0.3348622133698752,0.06295834573732292,0.5203723935855578,0.013242084487539886,0.9570373940572029,-0.04152777440823579,-0.2866697010974855
2.845837279,4.80908182798835,-0.9927075096319297,3.7720168674230727,0.17267280636235155,1.1122375019588966,0.01823714489323528,-0.33485249460815547,0.06290712682989966,0.5204778538006227,0.013141399122194754,0.9569403533615628,-0.04155501921356479,-0.2869941534518059
2.877982411,5.235859362843401,-0.8668962217468809,4.080469249219535,0.15076860019917668,1.2434870837648968,0.0171978050493104,-0.33485249460815547,0.06290712682989966,0.5204778538006227,0.013141399122194754,0.9569403533615628,-0.04155501921356479,-0.2869941534518059
2.913819225,5.709856391704382,-1.1271960287860698,5.041067337182478,0.19851607666290577,1.4055375251083442,0.010456479374412481,-0.33485249460815547,0.06290712682989966,0.5204778538006227,0.013141399122194754,0.9569403533615628,-0.04155501921356479,-0.2869941534518059
2.945087794,6.104423063354635,-1.2556605006636552,4.9335788294760015,0.21947529228291454,1.4748565032198,0.013402849201699103,-0.33485249460815547,0.06290712682989966,0.5204778538006227,0.013141399122194754,0.9569403533615628,-0.04155501921356479,-0.2869941534518059
2.980872507,8.160142310692606,-1.456273287938254,5.950684830151213,0.2510234419763332,1.9967878145808604,0.017100505794439266,-0.33485249460815547,0.06290712682989966,0.5204778538006227,0.013141399122194754,0.9569403533615628,-0.04155501921356479,-0.2869941534518059
3.013390656,4.541082638936626,-1.13986324625919,5.495593655297199,0.23278382267934536,1.2125983685513895,0.024309037812643725,-0.33483277767241293,0.06291322489432821,0.5204968048189349,0.013156959671247085,0.9569449610569941,-0.04144608755173563,-0.286993828760291
3.049859245,4.028789014588398,-0.21848277814885025,4.540152526671633,0.08231171955242433,1.0716277818875897,0.019059074841237228,-0.33483277767241293,0.06291322489432821,0.5204968048189349,0.013156959671247085,0.9569449610569941,-0.04144608755173563,-0.286993828760291
3.082128413,5.023154758604121,-1.6750582788130188,4.133314563522435,0.3004720990986194,1.2400737651523488,0.012423613997999128,-0.33483277767241293,0.06291322489432821,0.5204968048189349,0.013156959671247085,0.9569449610569941,-0.04144608755173563,-0.286993828760291
3.117539343,4.489466649634717,-1.0514120780212373,5.17879428091502,0.227671056554652,1.1707076974814892,0.004760254409450573,-0.33483277767241293,0.06291322489432821,0.5204968048189349,0.013156959671247085,0.9569449610569941,-0.04144608755173563,-0.286993828760291
3.149894694,4.093759302759314,-1.0557676279711206,6.269973402375453,0.20736320633737532,1.1104687915926057,-0.011039271003625192,-0.33483277767241293,0.06291322489432821,0.5204968048189349,0.013156959671247085,0.9569449610569941,-0.04144608755173563,-0.286993828760291
3.186408819,5.153021771468637,-1.747916893675352,6.022300557678442,0.3328950201502534,1.3355260048683877,-0.019332602406165175,-0.33483277767241293,0.06291322489432821,0.5204968048189349,0.013156959671247085,0.9569449610569941,-0.04144608755173563,-0.286993828760291
3.21820482,7.183753902473306,-2.167293436852695,7.312116549918377,0.4084110480454819,1.6975623701847382,-0.022369133438689362,-0.33483277767241293,0.06291322489432821,0.5204968048189349,0.013156959671247085,0.9569449610569941,-0.04144608755173563,-0.286993828760291
3.24971734,6.276919583398986,-1.596378767444823,7.610163309072231,0.33553780485908447,1.5558833290568859,-0.014179804205691454,-0.33483277767241293,0.06291322489432821,0.5204968048189349,0.013156959671247085,0.9569449610569941,-0.04144608755173563,-0.286993828760291
3.286062311,6.789707806631117,-1.9974203650068936,7.592306301607223,0.3979593254898356,1.6770647972214388,-0.02137003533499427,-0.33483277767241293,0.06291322489432821,0.5204968048189349,0.013156959671247085,0.9569449610569941,-0.04144608755173563,-0.286993828760291
3.318177622,7.745533592297678,-2.0253700088463353,7.778614140680331,0.3938472294901645,1.9054326422869128,-0.037172002569923035,-0.33483277767241293,0.06291322489432821,0.5204968048189349,0.013156959671247085,0.9569449610569941,-0.04144608755173563,-0.286993828760291
3.3542711,8.849066569208746,-0.8946290366576418,9.039705382822511,0.185979937865803,2.166015315567736,-0.04765205183384299,-0.33483277767241293,0.06291322489432821,0.5204968048189349,0.013156959671247085,0.9569449610569941,-0.04144608755173563,-0.286993828760291
3.386048456,8.72144342314791,-1.7833714849491051,9.7513077422813,0.3309955794215093,2.168174273523149,-0.03573279292563403,-0.33483277767241293,0.06291322489432821,0.5204968048189349,0.013156959671247085,0.9569449610569941,-0.04144608755173563,-0.286993828760291
3.386460373,9.629836659466866,-1.989797242283732,9.040993630883747,0.37532696659680576,2.324929247864782,-0.049365023846089325,-0.33483277767241293,0.06291322489432821,0.5204968048189349,0.013156959671247085,0.9569449610569941,-0.04144608755173563,-0.286993828760291
3.386928023,8.082481215688423,-1.9700813102696142,5.740813256721835,0.40618162753398224,1.9965831228220152,-0.04556957358124479,-0.33281240311466675,0.06254629734512193,0.5205116176047337,0.013354679599778435,0.957457108121529,-0.040300942265348416,-0.2854354089682485
3.387209828,5.216131977382599,-1.991957990297711,5.038424949907286,0.3733053366571031,1.461201449520749,-0.00224747431392993,-0.33281240311466675,0.06254629734512193,0.5205116176047337,0.013354679599778435,0.957457108121529,-0.040300942265348416,-0.2854354089682485
3.387484929,4.853402959080801,-0.9052058930326045,2.8352007260846186,0.1802795988856561,1.330767027496441,-0.01174450657767563,-0.33281240311466675,0.06254629734512193,0.5205116176047337,0.013354679599778435,0.957457108121529,-0.040300942265348416,-0.2854354089682485
3.387771553,3.957617257856046,-0.47474147860727733,2.437759094794834,0.05784521856023069,1.1529370985182525,0.00031249774822055335,-0.33281240311466675,0.06254629734512193,0.5205116176047337,0.013354679599778435,0.957457108121529,-0.040300942265348416,-0.2854354089682485
3.42124819,5.667043610678732,-0.8369603358441928,1.889306562095032,0.10137654474337535,1.4429014341602069,-0.018613334337449147,-0.33281240311466675,0.06254629734512193,0.5205116176047337,0.013354679599778435,0.957457108121529,-0.040300942265348416,-0.2854354089682485
3.453975163,5.936509370725407,0.5621246955417033,2.176193690203015,-0.1967571177192172,1.4968604615131802,0.010234607447127647,-0.33281240311466675,0.06254629734512193,0.5205116176047337,0.013354679599778435,0.957457108121529,-0.040300942265348416,-0.2854354089682485
3.454552811,3.736030283201126,-0.5274921401121861,3.193852571462542,-0.03610972591357693,1.1013703782017177,0.008248509432955457,-0.3305783620006238,0.06204867660229232,0.5206847315196841,0.01350380884012825,0.9579164577223034,-0.03890545711933328,-0.28407758196996025
3.489666433,4.0565931629181495,-2.572270526938379,3.1710766073330605,0.4097376586190833,1.0193194878190157,0.014527566033531674,-0.3305783620006238,0.06204867660229232,0.5206847315196841,0.01350380884012825,0.9579164577223034,-0.03890545711933328,-0.28407758196996025
3.522071442,3.988044683205124,-1.6714507432945076,2.4307849152326906,0.2991812704249271,1.0084018553247898,0.01663940279195164,-0.3305783620006238,0.06204867660229232,0.5206847315196841,0.01350380884012825,0.9579164577223034,-0.03890545711933328,-0.28407758196996025
3.557377543,5.162472264904057,-0.21200127428523943,3.6809938476962585,-0.09170613220316959,1.3104862394650598,0.009398453680311926,-0.3305783620006238,0.06204867660229232,0.5206847315196841,0.01350380884012825,0.9579164577223034,-0.03890545711933328,-0.28407758196996025
3.589331106,4.28970383287268,1.0411525615363681,1.7272780839491944,-0.24310405881390615,1.1369661040187478,0.025904887993815594,-0.3305783620006238,0.06204867660229232,0.5206847315196841,0.01350380884012825,0.9579164577223034,-0.03890545711933328,-0.28407758196996025
3.62624402,4.220201123692316,0.19043169209381905,3.2919413778395503,-0.18175329882869154,1.0572139172220565,-0.0007902141418957426,-0.31960702198192664,0.0596781506105588,0.5205482775851903,0.014470945570911333,0.9604307863118743,-0.03250505487571837,-0.2762367061890313
3.658030036,3.720368040397738,-1.0906898176769853,3.8379310118349066,0.1548118150637314,0.9383039796189665,0.041725769179777036,-0.31960702198192664,0.0596781506105588,0.5205482775851903,0.014470945570911333,0.9604307863118743,-0.03250505487571837,-0.2762367061890313
3.693626183,4.432126190279356,-1.8329631945575662,3.2219146532644456,0.2498071721150585,1.0727883923176196,0.036928613238234764,-0.31960702198192664,0.0596781506105588,0.5205482775851903,0.014470945570911333,0.9604307863118743,-0.03250505487571837,-0.2762367061890313
3.725651541,5.1858067477805685,-2.5726091234625392,2.875992565757446,0.43114548563855837,1.2280366860550753,0.03387770566296373,-0.31960702198192664,0.0596781506105588,0.5205482775851903,0.014470945570911333,0.9604307863118743,-0.03250505487571837,-0.2762367061890313
3.758177584,4.747762805417414,-1.3339656449492587,2.9815228020736306,0.15938536529660452,1.1075796068817858,0.022429527205199876,-0.31960702198192664,0.0596781506105588,0.5205482775851903,0.014470945570911333,0.9604307863118743,-0.03250505487571837,-0.2762367061890313
3.793743071,3.2152263278365534,-1.375592735828167,3.0969719275746437,0.15094496113736172,0.816953947208235,0.017129752299269465,-0.31960702198192664,0.0596781506105588,0.5205482775851903,0.014470945570911333,0.9604307863118743,-0.03250505487571837,-0.2762367061890313
3.825765845,3.9212069385496737,-1.2375435183319499,3.434509144471069,0.11563412998924864,0.9949783929144445,0.017882896402136115,-0.31960702198192664,0.0596781506105588,0.5205482775851903,0.014470945570911333,0.9604307863118743,-0.03250505487571837,-0.2762367061890313
3.861505584,5.239266333308186,-0.8638618231515902,2.529371986190071,0.04672025012196504,1.2416680594852094,0.007671394057014138,-0.31960702198192664,0.0596781506105588,0.5205482775851903,0.014470945570911333,0.9604307863118743,-0.03250505487571837,-0.2762367061890313
3.893513901,4.516849642723652,-1.2358291352317012,2.98245503509823,0.11426994992149705,1.0732910531419138,0.001957829384009481,-0.31960702198192664,0.0596781506105588,0.5205482775851903,0.014470945570911333,0.9604307863118743,-0.03250505487571837,-0.2762367061890313
3.92981746,4.51723574497238,-1.522539541488237,3.7433162597655834,0.1662774377429766,1.0506948408116559,0.026608336132269636,-0.31960702198192664,0.0596781506105588,0.5205482775851903,0.014470945570911333,0.9604307863118743,-0.03250505487571837,-0.2762367061890313
3.961940455,4.34136564150567,-1.3230697045726623,3.577413443499937,0.15959617857272623,1.0507460461704827,0.02756532575108682,-0.31960702198192664,0.0596781506105588,0.5205482775851903,0.014470945570911333,0.9604307863118743,-0.03250505487571837,-0.2762367061890313
3.997097587,5.437031713857575,-2.278991799549697,2.87102354098625,0.34006142069288536,1.278009816483583,0.04672369825865112,-0.31960702198192664,0.0596781506105588,0.5205482775851903,0.014470945570911333,0.9604307863118743,-0.03250505487571837,-0.2762367061890313
4.02909005,5.5691114069061625,-1.7803488812252208,3.1337279013896056,0.24063888040225984,1.28836616761739,0.027356726148905195,-0.31960702198192664,0.0596781506105588,0.5205482775851903,0.014470945570911333,0.9604307863118743,-0.03250505487571837,-0.2762367061890313
4.065682608,4.412403661974602,-0.8629449825297484,3.772792201645243,0.016372903491184518,1.0946759376829447,0.01947157618623933,-0.31960702198192664,0.0596781506105588,0.5205482775851903,0.014470945570911333,0.9604307863118743,-0.03250505487571837,-0.2762367061890313
4.098359854,4.343668747079226,-2.0750582056591145,3.4891053539319827,0.25310880117586865,1.0983630598963026,0.007823449162807606,-0.31960702198192664,0.0596781506105588,0.5205482775851903,0.014470945570911333,0.9604307863118743,-0.03250505487571837,-0.2762367061890313
4.133475012,5.506405664518599,-1.9419721450347402,2.96642648731833,0.29032601575101236,1.318193827224788,0.01995870766972481,-0.26135481953258727,0.041686160008791856,0.5080706779151857,0.017952245275861256,0.9723887715649766,-0.001601255797870251,-0.2326697870454623
4.165669104,6.60939019507766,-1.6186009399606107,3.0679815002103825,0.1966370456498716,1.503853565208337,0.00799206529557989,-0.26135481953258727,0.041686160008791856,0.5080706779151857,0.017952245275861256,0.9723887715649766,-0.001601255797870251,-0.2326697870454623
4.201510181,4.652218660624998,-1.3075758488170184,4.140375703342933,0.11328053758875453,1.157880532904826,0.0036247534235027534,-0.26135481953258727,0.041686160008791856,0.5080706779151857,0.017952245275861256,0.9723887715649766,-0.001601255797870251,-0.2326697870454623
4.23351773,3.8681129993926437,-1.0009306671500928,3.0282303999494715,0.07938873128946385,1.0294706418459443,0.015476603677105447,-0.26135481953258727,0.041686160008791856,0.5080706779151857,0.017952245275861256,0.9723887715649766,-0.001601255797870251,-0.2326697870454623
4.265654483,6.272523669330574,-1.5663431797456493,2.785810436067143,0.19595496382572927,1.4490717484994182,0.008084151191515964,-0.26135481953258727,0.041686160008791856,0.5080706779151857,0.017952245275861256,0.9723887715649766,-0.001601255797870251,-0.2326697870454623
4.301179324,6.4541134812105545,-1.595995097534,3.3634077763723256,0.17524786252108923,1.472335938061482,0.006832037834765766,-0.24187723436291736,0.033801276223038794,0.498945087844762,0.01843007336584962,0.9760346965358975,0.007685854798849087,-0.21669686474386057
4.333292122,4.186392788683712,-2.887215183917988,3.1358463221381117,0.4029747099610835,0.994482333594697,0.0008805355364611064,-0.24187723436291736,0.033801276223038794,0.498945087844762,0.01843007336584962,0.9760346965358975,0.007685854798849087,-0.21669686474386057
4.369816307,5.2945411126438575,-2.4649787196800754,3.273836644461417,0.33949324238767686,1.2158635448528923,0.0137196201066331,-0.24187723436291736,0.033801276223038794,0.498945087844762,0.01843007336584962,0.9760346965358975,0.007685854798849087,-0.21669686474386057
4.401688578,5.272002880834041,-0.9963600268898671,2.4778460966745617,0.04246852325188247,1.2324333312955074,0.014624569616030238,-0.24187723436291736,0.033801276223038794,0.498945087844762,0.01843007336584962,0.9760346965358975,0.007685854798849087,-0.21669686474386057
4.437066896,7.12911668217975,-2.519607020908024,3.462282410557054,0.37351206767253736,1.60818350443684,0.005589542467100528,-0.24187723436291736,0.033801276223038794,0.498945087844762,0.01843007336584962,0.9760346965358975,0.007685854798849087,-0.21669686474386057
4.469714602,5.451781346149453,-2.8627525521332373,4.392190399718533,0.40134034463001134,1.3124183227940882,0.0033529333931202054,-0.2229451037415385,0.025333291202702612,0.4872012089165614,0.01866921571533581,0.9794901067074996,0.016244104368432988,-0.1999667980440078
4.50545979,3.757571131391659,-1.8409402651593751,4.190091952154353,0.21454660543642595,0.9887844369934102,0.01763110689561748,-0.2229451037415385,0.025333291202702612,0.4872012089165614,0.01866921571533581,0.9794901067074996,0.016244104368432988,-0.1999667980440078
4.537948749,4.865525309741441,-0.11217401785410497,2.930693503030323,-0.11063949924575725,1.1836306156085827,0.01161654644813921,-0.2229451037415385,0.025333291202702612,0.4872012089165614,0.01866921571533581,0.9794901067074996,0.016244104368432988,-0.1999667980440078
4.573132911,5.134542676724953,-2.842507673323525,4.276303041348415,0.3696084547453428,1.2101958372533577,0.01363904474522501,-0.2229451037415385,0.025333291202702612,0.4872012089165614,0.01866921571533581,0.9794901067074996,0.016244104368432988,-0.1999667980440078
4.605127891,5.5586406623708084,-1.9060173573846075,4.266891732432226,0.21062652636122714,1.3375662697416595,0.010666690287973811,-0.2229451037415385,0.025333291202702612,0.4872012089165614,0.01866921571533581,0.9794901067074996,0.016244104368432988,-0.1999667980440078
4.642172456,6.078557022601434,-1.8170971357773684,3.758095616759186,0.1936664466439692,1.4403239936566865,0.023926498175483844,-0.2053514068106419,0.016740421462418956,0.4733511562576911,0.018628842649142833,0.9826174854755682,0.023750517816930317,-0.18317138521792364
4.673311264,5.12554821685677,-2.4191005432695274,4.412936120729222,0.26661618319913294,1.257993785875041,0.032860933070871914,-0.2053514068106419,0.016740421462418956,0.4733511562576911,0.018628842649142833,0.9826174854755682,0.023750517816930317,-0.18317138521792364
4.709187613,5.227245911350084,-2.1114175648555875,4.036373165513104,0.20140476635201543,1.2785982693799238,0.03877896068400232,-0.2053514068106419,0.016740421462418956,0.4733511562576911,0.018628842649142833,0.9826174854755682,0.023750517816930317,-0.18317138521792364
4.74225415,5.715537996708809,-2.175349410875273,4.420191552668038,0.21316191140170648,1.372494266364912,0.040729098293318285,-0.2053514068106419,0.016740421462418956,0.4733511562576911,0.018628842649142833,0.9826174854755682,0.023750517816930317,-0.18317138521792364
4.777576387,5.500818566887937,-2.1232204297290176,4.865429670044973,0.2179663983931143,1.3559580412799508,0.03428888307967555,-0.2053514068106419,0.016740421462418956,0.4733511562576911,0.018628842649142833,0.9826174854755682,0.023750517816930317,-0.18317138521792364
4.809868117,5.330400682705271,-2.821751632515308,4.432178498702989,0.31730369596579017,1.3276998459815013,0.03667604743038081,-0.18847304423033745,0.0078466944592336,0.45689424666516654,0.018261723656772536,0.9855405079724735,0.030630453137392703,-0.16564477635905267
4.841362761,5.433541525356759,-2.0820752758433034,4.550225697020529,0.19584474089096768,1.3339109665197642,0.04111304611928248,-0.18847304423033745,0.0078466944592336,0.45689424666516654,0.018261723656772536,0.9855405079724735,0.030630453137392703,-0.16564477635905267
4.877098801,5.652638745652091,-2.178360825999649,4.813731796848712,0.21160041810313088,1.370799573858426,0.041311439481985394,-0.18847304423033745,0.0078466944592336,0.45689424666516654,0.018261723656772536,0.9855405079724735,0.030630453137392703,-0.16564477635905267
4.908856673,5.705193565334362,-2.633368219624052,4.727124272286833,0.2889118777785623,1.3964706674859302,0.03691274748982095,-0.18847304423033745,0.0078466944592336,0.45689424666516654,0.018261723656772536,0.9855405079724735,0.030630453137392703,-0.16564477635905267
4.94584369,5.6833642874425445,-2.0099462985219985,4.652930608047534,0.18979415090744634,1.3988815307766167,0.03432626675094439,-0.18847304423033745,0.0078466944592336,0.45689424666516654,0.018261723656772536,0.9855405079724735,0.030630453137392703,-0.16564477635905267
4.978071167,5.960303804970615,-3.5133978810488853,3.747515473552325,0.44767653085867504,1.4281581170244217,-0.042274439266441505,-0.1731867489176591,-0.0007308490042722336,0.43872971497035196,0.017611346124716216,0.9881209727348309,0.03655392667388183,-0.1482248095764252
5.012998038,5.396198670465486,-2.5957998543176783,4.43913200460968,0.29653841676404086,1.324780256564218,-0.06982528529763371,-0.1731867489176591,-0.0007308490042722336,0.43872971497035196,0.017611346124716216,0.9881209727348309,0.03655392667388183,-0.1482248095764252
5.045799113,5.5821964838268565,-3.4491103979128135,3.8265972028901225,0.46517029577158076,1.354426343678037,-0.08974085801928966,-0.1731867489176591,-0.0007308490042722336,0.43872971497035196,0.017611346124716216,0.9881209727348309,0.03655392667388183,-0.1482248095764252
5.081962504,5.087250528040278,-3.257905411102182,4.184852588027226,0.4848494214997542,1.284370310059432,-0.11226731329563581,-0.1731867489176591,-0.0007308490042722336,0.43872971497035196,0.017611346124716216,0.9881209727348309,0.03655392667388183,-0.1482248095764252
5.113802229,5.237660208966991,-3.32281251307123,3.8993988589168573,0.5300712728005165,1.2852998307351668,-0.11421745777762127,-0.1731867489176591,-0.0007308490042722336,0.43872971497035196,0.017611346124716216,0.9881209727348309,0.03655392667388183,-0.1482248095764252
5.149095063,5.229852628611764,-2.7831510536595965,3.3161574685566872,0.4419704758938258,1.274173285516051,-0.12526079583118288,-0.1731867489176591,-0.0007308490042722336,0.43872971497035196,0.017611346124716216,0.9881209727348309,0.03655392667388183,-0.1482248095764252
5.181145356,5.1537733109940485,-3.407647121615968,3.3438677308854543,0.583615094198608,1.2320846497038072,-0.1516109343861331,-0.1731867489176591,-0.0007308490042722336,0.43872971497035196,0.017611346124716216,0.9881209727348309,0.03655392667388183,-0.1482248095764252
5.218021187,4.531381385156206,-3.607575546053861,3.1663647754289403,0.6746501282542867,1.1183239578297433,-0.17103554405506566,-0.1731867489176591,-0.0007308490042722336,0.43872971497035196,0.017611346124716216,0.9881209727348309,0.03655392667388183,-0.1482248095764252
5.250459582,4.639715125048349,-3.7209441714730866,3.242572170159293,0.7161476459763925,1.1219256418936057,-0.16687075520962094,-0.15255059380374175,-0.013091312016105878,0.40741059862446705,0.015930223897889617,0.9915117083458752,0.04387794432654402,-0.12134861425366104
5.285305648,5.817433298775256,-3.0757482914982543,3.956026578416305,0.5904272362337908,1.3310342972010196,-0.1456622184880358,-0.15255059380374175,-0.013091312016105878,0.40741059862446705,0.015930223897889617,0.9915117083458752,0.04387794432654402,-0.12134861425366104
5.31698467,4.774740165302413,-3.2913608777337178,3.7823772829181306,0.6591414641457539,1.1404234308996366,-0.16536683470215696,-0.15255059380374175,-0.013091312016105878,0.40741059862446705,0.015930223897889617,0.9915117083458752,0.04387794432654402,-0.12134861425366104
5.348929854,4.806983072564415,-3.1278475338662983,3.386424565447034,0.6260369565256851,1.1410657272340803,-0.1647414660727598,-0.15255059380374175,-0.013091312016105878,0.40741059862446705,0.015930223897889617,0.9915117083458752,0.04387794432654402,-0.12134861425366104
5.385894943,5.223795642374506,-3.4595122369313045,3.451752559548383,0.7050627706845479,1.1934720866589963,-0.19326125398507027,-0.15255059380374175,-0.013091312016105878,0.40741059862446705,0.015930223897889617,0.9915117083458752,0.04387794432654402,-0.12134861425366104
5.417834052,4.364910337702819,-3.8651556164912124,3.420756355284903,0.8048519232097606,1.0443762650932482,-0.16473634150940636,-0.15255059380374175,-0.013091312016105878,0.40741059862446705,0.015930223897889617,0.9915117083458752,0.04387794432654402,-0.12134861425366104
5.452962205,5.025479158534137,-3.9246863945487247,2.703015628131701,0.8070709978416714,1.1378482033260235,-0.20117802321373723,-0.15255059380374175,-0.013091312016105878,0.40741059862446705,0.015930223897889617,0.9915117083458752,0.04387794432654402,-0.12134861425366104
5.484997135,6.103569036703691,-3.355441917954259,3.7666655487579392,0.682418260388705,1.3296608588160197,-0.1892164752408553,-0.15255059380374175,-0.013091312016105878,0.40741059862446705,0.015930223897889617,0.9915117083458752,0.04387794432654402,-0.12134861425366104
5.521700812,5.610473300599804,-3.483146474451717,2.2648368941194423,0.6964017293055101,1.2547105711147228,-0.1498112099435439,-0.15255059380374175,-0.013091312016105878,0.40741059862446705,0.015930223897889617,0.9915117083458752,0.04387794432654402,-0.12134861425366104
5.55395504,5.849556223323249,-2.076054847936244,2.917122206299145,0.4428922985712874,1.3044089829546297,-0.15174030383002482,-0.15255059380374175,-0.013091312016105878,0.40741059862446705,0.015930223897889617,0.9915117083458752,0.04387794432654402,-0.12134861425366104
5.554366748,5.759491181232245,-2.296399404381352,2.6415624479172264,0.4992163464191661,1.2872102009012125,-0.14977184072928995,-0.15255059380374175,-0.013091312016105878,0.40741059862446705,0.015930223897889617,0.9915117083458752,0.04387794432654402,-0.12134861425366104
5.590359801,5.831431881107837,-3.6059579603390715,3.096885195786924,0.6965744930894162,1.2973834422278168,-0.15479620610580397,-0.14451301909843706,-0.018097791349466957,0.3922894139070806,0.014996255562313819,0.9927964513498314,0.0465309974033568,-0.10938548709468006
5.621676215,5.75526186901233,-1.1570075414079877,3.2527012545019858,0.23526835573645088,1.3813129625314444,-0.1764215569264398,-0.14451301909843706,-0.018097791349466957,0.3922894139070806,0.014996255562313819,0.9927964513498314,0.0465309974033568,-0.10938548709468006
5.658130842,5.834915477106457,-2.3056837412052302,2.6483167047964615,0.43178977466519686,1.4123032431047071,-0.15949987503004737,-0.14451301909843706,-0.018097791349466957,0.3922894139070806,0.014996255562313819,0.9927964513498314,0.0465309974033568,-0.10938548709468006
5.689426374,3.5892216356722146,-0.9356347685591565,2.9993529136818866,0.18571512911936905,1.045937094521526,-0.16770185249651423,-0.14451301909843706,-0.018097791349466957,0.3922894139070806,0.014996255562313819,0.9927964513498314,0.0465309974033568,-0.10938548709468006
5.725778685,5.605452970629733,-2.160101571026417,3.479143921775533,0.4210632896147538,1.3721771892422696,-0.19208037848001008,-0.14451301909843706,-0.018097791349466957,0.3922894139070806,0.014996255562313819,0.9927964513498314,0.0465309974033568,-0.10938548709468006
5.757459106,4.8436647983972,-0.5429715185359159,3.0982001032326707,0.16025348408315657,1.1946247707619295,-0.12546625332867295,-0.14715944238130707,-0.012407566056822448,0.3924107105745337,0.03421952090062679,0.9924480661282047,0.046924724934667345,-0.1080459652996071
5.794067871,6.0797571387119325,-2.6367617098769314,3.8086141496324633,0.48449015921748195,1.4203561618598926,-0.18010512729948797,-0.14715944238130707,-0.012407566056822448,0.3924107105745337,0.03421952090062679,0.9924480661282047,0.046924724934667345,-0.1080459652996071
5.82562677,5.4192253607176655,-1.691147607266258,3.313676469895494,0.3569860106258864,1.2787134493477124,-0.16666255429784632,-0.14715944238130707,-0.012407566056822448,0.3924107105745337,0.03421952090062679,0.9924480661282047,0.046924724934667345,-0.1080459652996071
5.857725045,3.9828060536398158,-3.794886789318382,3.0480646101964375,0.7371850683841836,1.0183084628495953,-0.1824311680891849,-0.14715944238130707,-0.012407566056822448,0.3924107105745337,0.03421952090062679,0.9924480661282047,0.046924724934667345,-0.1080459652996071
5.893225027,4.761263062681409,-1.068087004096204,3.6200319237908842,0.2738135411516844,1.149956117173248,-0.2126201077914895,-0.14715944238130707,-0.012407566056822448,0.3924107105745337,0.03421952090062679,0.9924480661282047,0.046924724934667345,-0.1080459652996071
5.925570466,4.777774823693728,-1.4305309507633093,3.1195869839080403,0.3217432124843345,1.1580577861998802,-0.20170542371375053,-0.15389100849640916,0.004337754016088656,0.39278169054348666,0.08904897994969642,0.989309040827317,0.04855800134515866,-0.10478559735295749
5.961887229,5.099260285189981,-1.4719499671402418,3.9850972698110763,0.2951523784744848,1.1912015815459434,-0.24178826053381416,-0.15389100849640916,0.004337754016088656,0.39278169054348666,0.08904897994969642,0.989309040827317,0.04855800134515866,-0.10478559735295749
5.993920762,4.597030295413767,-2.007691093170191,3.2548852326813256,0.46109371262531634,1.089178512515747,-0.20535346949629774,-0.15389100849640916,0.004337754016088656,0.39278169054348666,0.08904897994969642,0.989309040827317,0.04855800134515866,-0.10478559735295749
6.029083485,5.216614918367925,-2.9038238916051293,3.4674966618396628,0.6197992729227367,1.2006238556322342,-0.19965739389920087,-0.15389100849640916,0.004337754016088656,0.39278169054348666,0.08904897994969642,0.989309040827317,0.04855800134515866,-0.10478559735295749
6.061296577,4.6086527138199225,-2.978877333097224,3.504234030241535,0.6368393364782543,1.0878046191430064,-0.2327845408181996,-0.15389100849640916,0.004337754016088656,0.39278169054348666,0.08904897994969642,0.989309040827317,0.04855800134515866,-0.10478559735295749
6.097352906,5.140337045565621,-3.050474142257289,3.2999709582003756,0.6054524180028824,1.1917536574586505,-0.18223444030873956,-0.16227173514672458,0.03419621321574084,0.3923753091052383,0.18148175190313784,0.9770442578888424,0.05124513541635773,-0.09911018085327265
6.129844521,5.519241677837075,-1.6905461326455546,3.326181983748243,0.3581670430717035,1.2886405034624508,-0.2242936092822273,-0.16227173514672458,0.03419621321574084,0.3923753091052383,0.18148175190313784,0.9770442578888424,0.05124513541635773,-0.09911018085327265
6.165657805,4.669395358138472,-3.0181614352186106,4.034114015008902,0.5692016070332206,1.096015154524574,-0.20067204547132927,-0.16227173514672458,0.03419621321574084,0.3923753091052383,0.18148175190313784,0.9770442578888424,0.05124513541635773,-0.09911018085327265
6.197121931,5.4185751885097915,-2.6090852792768486,3.5254008891162973,0.48827099787622463,1.3135494087425759,-0.2200645298659657,-0.16227173514672458,0.03419621321574084,0.3923753091052383,0.18148175190313784,0.9770442578888424,0.05124513541635773,-0.09911018085327265
6.233886719,5.275477677174089,-1.3396155114721968,3.8114293577654434,0.29328119334951286,1.2857872926902194,-0.24564913851590836,-0.16227173514672458,0.03419621321574084,0.3923753091052383,0.18148175190313784,0.9770442578888424,0.05124513541635773,-0.09911018085327265
6.265957477,5.586035189972741,-1.337650504983024,4.077546425512085,0.3214499605886869,1.3437726716469387,-0.2620030038070033,-0.16689814909272743,0.07065153276182826,0.39036809579459675,0.2874140483070696,0.9517586034105018,0.05444234716386856,-0.0926539610870547
6.301438182,4.924672476646358,-1.8105732223445612,3.591847320168365,0.3695659924031772,1.1829484906995966,-0.18570749127659988,-0.16689814909272743,0.07065153276182826,0.39036809579459675,0.2874140483070696,0.9517586034105018,0.05444234716386856,-0.0926539610870547
6.333690874,5.359363024047673,-1.6145332798376117,3.8782320652306876,0.3665683292722542,1.2550336342065427,-0.27928484030211026,-0.16689814909272743,0.07065153276182826,0.39036809579459675,0.2874140483070696,0.9517586034105018,0.05444234716386856,-0.0926539610870547
6.36951715,6.049834352639203,-1.251031134252016,3.3934550398901004,0.2689383486310155,1.3423866907811899,-0.20575413969289463,-0.16689814909272743,0.07065153276182826,0.39036809579459675,0.2874140483070696,0.9517586034105018,0.05444234716386856,-0.0926539610870547
6.401956667,5.467135797554583,-2.6451126232718614,3.7889480566933464,0.5203147394952834,1.2535029494783656,-0.1988510553921812,-0.16689814909272743,0.07065153276182826,0.39036809579459675,0.2874140483070696,0.9517586034105018,0.05444234716386856,-0.0926539610870547
6.433748554,5.874185635363687,-3.529595490795218,4.423224689274902,0.6545075498447667,1.4055866839210953,-0.20942408302011095,-0.16574625223667502,0.10767132812661155,0.3867636028265853,0.3888987811161306,0.9154130661939975,0.0577595912707167,-0.08625825122231351
6.469463087,7.991621193398571,-2.881253818766895,4.168210642155629,0.5129337215738465,1.7494093100560646,-0.20069944713332477,-0.16574625223667502,0.10767132812661155,0.3867636028265853,0.3888987811161306,0.9154130661939975,0.0577595912707167,-0.08625825122231351
6.501819912,6.455485837589208,-0.02593179077666438,5.196156760239919,-0.05826684175899533,1.535404617098262,-0.14749810648935893,-0.16574625223667502,0.10767132812661155,0.3867636028265853,0.3888987811161306,0.9154130661939975,0.0577595912707167,-0.08625825122231351
6.538322941,4.660647086345506,-2.6929692650230135,4.085109629425711,0.3997857244184033,1.1565504424204205,-0.11842926564129556,-0.1615777219913267,0.13311399824627249,0.38340355624404165,0.4558904777510886,0.8842081874537214,0.06022980834659953,-0.08192755166743815
6.568813496,6.232747565226617,-1.1427584504787158,3.99053424720545,0.1132863282713658,1.469895285749327,-0.1454844906648701,-0.1615777219913267,0.13311399824627249,0.38340355624404165,0.4558904777510886,0.8842081874537214,0.06022980834659953,-0.08192755166743815
6.605526674,5.281198575631988,-1.8536619081192276,3.8127420387711037,0.23850013787764138,1.2859406682068655,-0.13848578637062303,-0.1615777219913267,0.13311399824627249,0.38340355624404165,0.4558904777510886,0.8842081874537214,0.06022980834659953,-0.08192755166743815
6.636926269,5.676026271534914,-0.5724840000834264,4.041154808742829,0.04274264103083134,1.3550909221425367,-0.13036058069745649,-0.1615777219913267,0.13311399824627249,0.38340355624404165,0.4558904777510886,0.8842081874537214,0.06022980834659953,-0.08192755166743815
6.673710963,4.949518502749336,-1.1206595714416023,3.5117605178364837,0.13970117819218325,1.2282644840127532,-0.11652120426757731,-0.1615777219913267,0.13311399824627249,0.38340355624404165,0.4558904777510886,0.8842081874537214,0.06022980834659953,-0.08192755166743815
6.706195736,5.552228012255936,-0.17923702265769212,3.5782318467636465,-0.007237693002376099,1.3148120245821238,-0.11136752379687988,-0.15062707146102727,0.16958809478914671,0.3771234088732135,0.5489602852842369,0.8299780522416447,0.06369174196311507,-0.07564654640840397
6.740708877,4.667134941067188,-1.3613920227079384,3.840514870433963,0.17680225523700965,1.1596269684270915,-0.1254745060683633,-0.15062707146102727,0.16958809478914671,0.3771234088732135,0.5489602852842369,0.8299780522416447,0.06369174196311507,-0.07564654640840397
6.773679039,5.8674173578056,-0.873511089228645,3.474668199196799,0.13112874819543352,1.3661250505064162,-0.1418090228053418,-0.15062707146102727,0.16958809478914671,0.3771234088732135,0.5489602852842369,0.8299780522416447,0.06369174196311507,-0.07564654640840397
6.809829514,5.160920043337102,-0.5547569950150879,3.972807912450714,0.05453473033321693,1.2300082527036942,-0.14123406590966844,-0.15062707146102727,0.16958809478914671,0.3771234088732135,0.5489602852842369,0.8299780522416447,0.06369174196311507,-0.07564654640840397
6.841902439,5.276353229105109,-0.9482336511028588,3.4303425030294172,0.12726077524889434,1.2477432490979912,-0.13411245692755056,-0.15062707146102727,0.16958809478914671,0.3771234088732135,0.5489602852842369,0.8299780522416447,0.06369174196311507,-0.07564654640840397
6.876957051,5.278915295985982,-0.6464994981406507,3.664550365595497,0.07079032088995328,1.2461878500929546,-0.13610552623300903,-0.13373051939459846,0.204934366099451,0.3691781486275263,0.6366011839907254,0.7651099613969778,0.06732444177118968,-0.06937650216693868
6.908715207,4.584468162509071,-0.5996915934134692,3.949348453936186,0.060649398807861146,1.1219489303414414,-0.13526009357142363,-0.13373051939459846,0.204934366099451,0.3691781486275263,0.6366011839907254,0.7651099613969778,0.06732444177118968,-0.06937650216693868
6.941188246,5.240085912990928,-0.3306905247786957,3.641956179396013,0.02996916512816895,1.2508137220566047,-0.1326806642395989,-0.13373051939459846,0.204934366099451,0.3691781486275263,0.6366011839907254,0.7651099613969778,0.06732444177118968,-0.06937650216693868
6.977999898,5.20717887331037,-0.5100194304101908,3.979822419564547,0.055690630793815143,1.232301435406605,-0.1158295725641343,-0.13373051939459846,0.204934366099451,0.3691781486275263,0.6366011839907254,0.7651099613969778,0.06732444177118968,-0.06937650216693868
7.00951906,4.193274001405637,-1.970029394657714,2.582430228876378,0.30264408584795743,1.0484799965794136,-0.11263832822937075,-0.13373051939459846,0.204934366099451,0.3691781486275263,0.6366011839907254,0.7651099613969778,0.06732444177118968,-0.06937650216693868
7.045584749,4.854674878106618,-1.1912647163643852,3.7530658496922067,0.16825863828569917,1.1712535685222778,-0.11998285155026875,-0.11098902913942005,0.23814377545811927,0.3595895854612333,0.717337144849936,0.6902090418222439,0.07114041782636123,-0.0630709137150607
7.076978548,5.354449435415683,-1.5754332027577267,3.510998584624329,0.2263691333276149,1.2715607345089972,-0.11349352272047065,-0.11098902913942005,0.23814377545811927,0.3595895854612333,0.717337144849936,0.6902090418222439,0.07114041782636123,-0.0630709137150607
7.113561404,4.478854780985443,-0.2896271461228472,3.5768448555120735,0.03194536189630709,1.1153109479040104,-0.07863363451393313,-0.11098902913942005,0.23814377545811927,0.3595895854612333,0.717337144849936,0.6902090418222439,0.07114041782636123,-0.0630709137150607
7.145604158,4.538647143512403,-1.0330462941919971,3.674233441775704,0.1351520205180921,1.1444713309244723,-0.09422275443310701,-0.11098902913942005,0.23814377545811927,0.3595895854612333,0.717337144849936,0.6902090418222439,0.07114041782636123,-0.0630709137150607
7.18088191,4.500368764857833,-0.4229830947247136,3.206980619382586,0.01546662063497481,1.1426435544105717,-0.07875868808631692,-0.11098902913942005,0.23814377545811927,0.3595895854612333,0.717337144849936,0.6902090418222439,0.07114041782636123,-0.0630709137150607
7.213144381,4.752464343822486,-0.9957640404751125,3.9903909125273307,0.11996138159148909,1.2057036659364972,-0.19920197147146224,-0.0855628177144155,0.26551534310203634,0.34944799445765756,0.7834673547600949,0.6142493698109371,0.07477560277159946,-0.0573168818257785
7.249548934,5.0089792500691965,-0.9402735465808554,3.3778052251655577,0.11430530548110453,1.225235852948384,-0.09551927716946995,-0.0855628177144155,0.26551534310203634,0.34944799445765756,0.7834673547600949,0.6142493698109371,0.07477560277159946,-0.0573168818257785
7.281589733,4.89233446796206,-1.241844644286238,3.748335196078607,0.17454657382316688,1.2169757919685198,-0.09056031472833337,-0.0855628177144155,0.26551534310203634,0.34944799445765756,0.7834673547600949,0.6142493698109371,0.07477560277159946,-0.0573168818257785
7.317103824,-0.33178659052989823,-0.015847346764208847,-0.20177805964828174,-0.00405501954163571,-0.05386404808721483,0.005803398852750252,-0.0855628177144155,0.26551534310203634,0.34944799445765756,0.7834673547600949,0.6142493698109371,0.07477560277159946,-0.0573168818257785
7.349874663,-0.21742974606106014,0.09731308399478854,0.05713900613621817,-0.029406432307196265,-0.036076100759377575,0.00012227301940786897,-0.0855628177144155,0.26551534310203634,0.34944799445765756,0.7834673547600949,0.6142493698109371,0.07477560277159946,-0.0573168818257785
7.385661761,-0.08189545588368027,0.346056193971839,0.07176937741542615,-0.061459714478304686,-0.008850515886056929,-0.001966852797212344,-0.06677620779988412,0.2815406578343883,0.34213499374871353,0.8224481086976756,0.5610336690119155,0.0770993832659134,-0.05362849834426144
7.417421315,-0.2765924505223672,0.19145954694078254,-0.22203576794007848,-0.0489324114262293,-0.03144964357227087,-0.0030345785242042837,-0.06677620779988412,0.2815406578343883,0.34213499374871353,0.8224481086976756,0.5610336690119155,0.0770993832659134,-0.05362849834426144
7.449244563,-0.19439618662654237,0.3452681792969476,0.02056515902650162,-0.06663340612306312,-0.021045145235509013,-0.00498481175255904,-0.06677620779988412,0.2815406578343883,0.34213499374871353,0.8224481086976756,0.5610336690119155,0.0770993832659134,-0.05362849834426144
7.485069235,-0.2292618541834839,0.2902598678026576,-0.053694725087228695,-0.05931662873200093,-0.026251545896599154,-0.0052276299038545955,-0.06677620779988412,0.2815406578343883,0.34213499374871353,0.8224481086976756,0.5610336690119155,0.0770993832659134,-0.05362849834426144
7.517144676,-0.22214140737842558,-0.07850275274233956,-0.03177705310064126,-0.002543160933822267,-0.03125263840040324,0.0006499908595440549,-0.06677620779988412,0.2815406578343883,0.34213499374871353,0.8224481086976756,0.5610336690119155,0.0770993832659134,-0.05362849834426144
7.553552235,-0.18214732208270676,-0.017140173631916684,-0.08762350147228481,-0.008453190395036067,-0.020871879570423916,0.002713206649715935,-0.05783994095987338,0.2882305853593925,0.33868321613035146,0.8386692343376941,0.5364854380461235,0.07820375357941893,-0.05197560067930529
7.585484993,-0.2749756445632817,0.0061283228608419995,-0.02159358248319322,-0.0077086343214513705,-0.04143414579276391,0.005561109870636873,-0.05783994095987338,0.2882305853593925,0.33868321613035146,0.8386692343376941,0.5364854380461235,0.07820375357941893,-0.05197560067930529
7.621094068,-0.07044759811773704,0.01988222918588698,0.18105566747457102,-0.012988759049375593,-0.011228906208401283,0.0020476344518248744,-0.05783994095987338,0.2882305853593925,0.33868321613035146,0.8386692343376941,0.5364854380461235,0.07820375357941893,-0.05197560067930529
7.653400401,-0.1571872505280901,0.10592757391571232,0.003193605624009402,-0.03038560982723592,-0.020889312915463185,-0.0035942192775620854,-0.05783994095987338,0.2882305853593925,0.33868321613035146,0.8386692343376941,0.5364854380461235,0.07820375357941893,-0.05197560067930529
7.653993205,-0.2765491397543154,0.21968608736514814,0.05718722111474362,-0.04769378052199191,-0.03539397406975431,-0.0016852154893665173,-0.05735297058563239,0.2885604558450064,0.33851318063692815,0.839553836401583,0.535104920154688,0.07821176912947134,-0.05191338343112731
7.654336679,-0.1920734648513957,0.3068193495860771,0.12532731531917393,-0.06006725324767,-0.021307395195449528,-0.005375026067672135,-0.05735297058563239,0.2885604558450064,0.33851318063692815,0.839553836401583,0.535104920154688,0.07821176912947134,-0.05191338343112731
7.688864419,-0.2169597547555217,0.27940478498143695,-0.10939128862412693,-0.06153155054330527,-0.024599500599384854,-0.008396326310437949,-0.05735297058563239,0.2885604558450064,0.33851318063692815,0.839553836401583,0.535104920154688,0.07821176912947134,-0.05191338343112731
7.721223621,-0.20314417884385608,0.31096582244438137,-0.2509418474840917,-0.06592216373242851,-0.024845366687013544,-0.003646908675665597,-0.057352850057814736,0.28856445643331397,0.33852444021736317,0.8395514666499119,0.5351022836042277,0.07824899181589981,-0.051922790827514685
7.757650944,-0.33406783584564886,0.3269273276728125,-0.16646122555851067,-0.0648853676059137,-0.03787241479077723,-0.005427653940253503,-0.057352850057814736,0.28856445643331397,0.33852444021736317,0.8395514666499119,0.5351022836042277,0.07824899181589981,-0.051922790827514685
7.789060319,-0.24125917837481936,0.08716489409748829,-0.02927110960564299,-0.03188659160857839,-0.029768041080947084,-0.002922395211660014,-0.057352850057814736,0.28856445643331397,0.33852444021736317,0.8395514666499119,0.5351022836042277,0.07824899181589981,-0.051922790827514685
7.825300122,-0.08676597742273695,-0.017418225289494778,-0.07619703743212683,-0.0063401113678423675,-0.013762858910227362,0.003935213047520766,-0.057352850057814736,0.28856445643331397,0.33852444021736317,0.8395514666499119,0.5351022836042277,0.07824899181589981,-0.051922790827514685
7.857239095,-0.1666648256071409,-0.006716677905465135,-0.10274621252074939,-0.01097427903212562,-0.020389739647286582,0.0019841511723662727,-0.057352850057814736,0.28856445643331397,0.33852444021736317,0.8395514666499119,0.5351022836042277,0.07824899181589981,-0.051922790827514685
7.893689536,-0.06352541119394471,0.10454474611835658,-0.02283304156430492,-0.0211201048341654,-0.008795593194010479,0.0024316827234928022,-0.057352850057814736,0.28856445643331397,0.33852444021736317,0.8395514666499119,0.5351022836042277,0.07824899181589981,-0.051922790827514685
7.924947567,-0.24024048071160592,0.14202331951739208,-0.11323297795343647,-0.03331680879827259,-0.031151577011524108,-0.0004168549500132737,-0.057352850057814736,0.28856445643331397,0.33852444021736317,0.8395514666499119,0.5351022836042277,0.07824899181589981,-0.051922790827514685
7.96055797,-0.1362257970570683,0.287130915376505,-0.16738484278460544,-0.05764187653261106,-0.012051047217043316,-0.0041622861030241485,-0.057352850057814736,0.28856445643331397,0.33852444021736317,0.8395514666499119,0.5351022836042277,0.07824899181589981,-0.051922790827514685
7.993370435,-0.1642727495365,0.232997849601812,-0.24062306510140555,-0.05239549830478343,-0.016457552267421557,-0.003650608246067668,-0.057352850057814736,0.28856445643331397,0.33852444021736317,0.8395514666499119,0.5351022836042277,0.07824899181589981,-0.051922790827514685
8.025428904,-0.1488222238409561,0.2133807266988456,-0.09628721814031195,-0.050577880069479386,-0.012884825901688317,-0.0037011717770633395,-0.057352850057814736,0.28856445643331397,0.33852444021736317,0.8395514666499119,0.5351022836042277,0.07824899181589981,-0.051922790827514685
8.061174169,-0.231925313612354,0.11287495598894119,-0.15239500213189605,-0.03057606126042623,-0.021885195423940317,-0.0011825765812361814,-0.057352850057814736,0.28856445643331397,0.33852444021736317,0.8395514666499119,0.5351022836042277,0.07824899181589981,-0.051922790827514685
8.093134652,-0.048497930404240865,0.00855709155985639,-0.03710715546618316,-0.014029200962521042,-0.006428438951129117,0.0035320773240910463,-0.057352850057814736,0.28856445643331397,0.33852444021736317,0.8395514666499119,0.5351022836042277,0.07824899181589981,-0.051922790827514685
8.128685272,-0.18460693481818854,-0.007237011718188478,0.16333171631598042,-0.011044090948010505,-0.026535493756824808,0.0021747372536933458,-0.057352850057814736,0.28856445643331397,0.33852444021736317,0.8395514666499119,0.5351022836042277,0.07824899181589981,-0.051922790827514685
8.162419418,-0.26911594332170385,0.020848734553102145,0.15535241705533892,-0.01959247277490674,-0.03388233434511673,0.001093673099601056,-0.0573223486200153,0.2885797150668745,0.33851183324416645,0.8395906484919307,0.5350421035794597,0.07826373381131081,-0.05188716924325524
8.196952047,-0.306877455022706,0.26832016170722306,0.17546968356720738,-0.05328478264938,-0.03328271128657022,-0.0006110068093344383,-0.0573223486200153,0.2885797150668745,0.33851183324416645,0.8395906484919307,0.5350421035794597,0.07826373381131081,-0.05188716924325524
8.228863014,-0.2183518144418849,0.18954493221622232,0.006205860683692888,-0.0489934056350215,-0.02331618861775564,-0.0012773358213759019,-0.0573223486200153,0.2885797150668745,0.33851183324416645,0.8395906484919307,0.5350421035794597,0.07826373381131081,-0.05188716924325524
8.265552937,-0.2282822362264438,0.20392629390744493,0.014699917738882351,-0.051892854838958336,-0.026262000697797497,-0.003577466782576471,-0.0573223486200153,0.2885797150668745,0.33851183324416645,0.8395906484919307,0.5350421035794597,0.07826373381131081,-0.05188716924325524
8.297499034,-0.12039231774558809,0.2647144497039121,0.12106637586153479,-0.053999103604349286,-0.009199325542963065,-0.0013567133972819771,-0.0573223486200153,0.2885797150668745,0.33851183324416645,0.8395906484919307,0.5350421035794597,0.07826373381131081,-0.05188716924325524
8.332790756,-0.28892471476056675,0.14665008634324256,-0.11143932122607572,-0.03634656642670912,-0.028779110478421126,-0.0005509984972680436,-0.057325549998104866,0.2885861857908986,0.3385081371523412,0.8395894334166376,0.5350427873335591,0.07827069772754433,-0.051889275334200784
8.365143533,-0.25591402567289645,0.00979008015651853,0.08322061820741883,-0.015041363495929057,-0.028137459162094196,0.0002459427127994118,-0.057325549998104866,0.2885861857908986,0.3385081371523412,0.8395894334166376,0.5350427873335591,0.07827069772754433,-0.051889275334200784
8.401091476,-0.1703032966424803,0.03651479320684979,0.022760956404424156,-0.02044015568138917,-0.018922818894782274,0.00042555707532981445,-0.057325549998104866,0.2885861857908986,0.3385081371523412,0.8395894334166376,0.5350427873335591,0.07827069772754433,-0.051889275334200784
8.433190595,-0.24945059719500784,0.034271027797745934,-0.15179992623094135,-0.026051893185214826,-0.027102192024991194,0.0007605400996904574,-0.057325549998104866,0.2885861857908986,0.3385081371523412,0.8395894334166376,0.5350427873335591,0.07827069772754433,-0.051889275334200784
8.469304338,-0.17607774518103017,0.21867991904194897,-0.057829317985690874,-0.04954056301310547,-0.01804582755540242,-0.0010593637735135048,-0.057325549998104866,0.2885861857908986,0.3385081371523412,0.8395894334166376,0.5350427873335591,0.07827069772754433,-0.051889275334200784
8.501778429,-0.18946119579402954,0.19055865773888325,-0.11645692538117498,-0.0469476769733977,-0.019286671368105246,-0.001698380472952008,-0.057322728073695386,0.28857985655011903,0.3385089295452265,0.8395896870122596,0.5350431140062283,0.07826752269674389,-0.05188659275852258
8.532948183,-0.1593518647331238,0.1849331117529179,-0.08751105557485045,-0.04591364733194506,-0.015961312364418195,-0.0009159222326994873,-0.057322728073695386,0.28857985655011903,0.3385089295452265,0.8395896870122596,0.5350431140062283,0.07826752269674389,-0.05188659275852258
8.569704946,-0.28319871774226746,0.14907206434902576,-0.045977920518310206,-0.039502636949326535,-0.03064065330990719,0.0007161438045222316,-0.057322728073695386,0.28857985655011903,0.3385089295452265,0.8395896870122596,0.5350431140062283,0.07826752269674389,-0.05188659275852258
8.601582461,-0.22761484129018253,-0.020707271864561297,0.004195453771633183,-0.019908398135058153,-0.02653251598473731,-0.00023611584633035504,-0.057322728073695386,0.28857985655011903,0.3385089295452265,0.8395896870122596,0.5350431140062283,0.07826752269674389,-0.05188659275852258
8.636723889,-0.186782656942572,0.07406218523337244,-0.10012745274578144,-0.0291349842292606,-0.019726127253528503,0.0010159983166434855,-0.057322728073695386,0.28857985655011903,0.3385089295452265,0.8395896870122596,0.5350431140062283,0.07826752269674389,-0.05188659275852258
8.669378656,-0.2891970784456961,0.03201184299136541,0.015673102841422232,-0.022869512052703368,-0.028989193669500195,0.00017908516263855697,-0.0573258460612434,0.2885809176487753,0.3385085978472846,0.8395879196526621,0.5350472646317699,0.07826162579006342,-0.05188128479588691
8.705444489,-0.20054766623825274,0.04936877058801165,0.09571788875727336,-0.028836667863583455,-0.020490815560959517,-0.0010823176231565708,-0.0573258460612434,0.2885809176487753,0.3385085978472846,0.8395879196526621,0.5350472646317699,0.07826162579006342,-0.05188128479588691
8.737591029,-0.26879332754727553,0.1376592951086371,0.2446893150442149,-0.042443566341273345,-0.024154695341272625,-0.002605056611624851,-0.0573258460612434,0.2885809176487753,0.3385085978472846,0.8395879196526621,0.5350472646317699,0.07826162579006342,-0.05188128479588691
8.772498632,-0.26492723951554437,0.1503595026589614,-0.002257718180208035,-0.0431728631444217,-0.029131407753553093,-0.0031046699525744286,-0.0573258460612434,0.2885809176487753,0.3385085978472846,0.8395879196526621,0.5350472646317699,0.07826162579006342,-0.05188128479588691
8.804918317,-0.20600344225005546,0.18617295482194224,0.2169043806149434,-0.0444722024225887,-0.025202951049514893,0.0007170341712857383,-0.0573258460612434,0.2885809176487753,0.3385085978472846,0.8395879196526621,0.5350472646317699,0.07826162579006342,-0.05188128479588691
8.842225979,-0.2684394953507551,0.0077228660189223265,-0.04607735507676153,-0.025385027578500894,-0.024975977675196895,0.0011045246417001357,-0.057323992369277404,0.2885832748461137,0.33850781144372766,0.8395874200097133,0.5350487362293358,0.07824996250852613,-0.05189178536375656
8.873174969,-0.23045479174105785,0.04812467301010838,0.04003980998750067,-0.024846348578126676,-0.027801523524991267,0.0019079259682434953,-0.057323992369277404,0.2885832748461137,0.33850781144372766,0.8395874200097133,0.5350487362293358,0.07824996250852613,-0.05189178536375656
8.909554175,-0.31184870143917687,0.11130131932341734,0.11223196442831102,-0.03441142077743843,-0.03187942796216232,0.00308376983936832,-0.057323992369277404,0.2885832748461137,0.33850781144372766,0.8395874200097133,0.5350487362293358,0.07824996250852613,-0.05189178536375656
8.940547583,-0.3668114620778166,0.026074740673917206,-0.024869587098139814,-0.026381012504367887,-0.0392091717369976,-0.0007097857008946423,-0.057323992369277404,0.2885832748461137,0.33850781144372766,0.8395874200097133,0.5350487362293358,0.07824996250852613,-0.05189178536375656
8.978114072,-0.2906773775408953,0.18551769871204762,0.007606302072643713,-0.044172869368336906,-0.028711851358260477,-0.0002946906223570663,-0.057323992369277404,0.2885832748461137,0.33850781144372766,0.8395874200097133,0.5350487362293358,0.07824996250852613,-0.05189178536375656
9.009634146,-0.18403398892786743,0.13504915016222915,0.028692018330859735,-0.040693433498655646,-0.01782426510586028,-0.0024100522411621694,-0.057323229474061266,0.28858269185757585,0.33850571642781435,0.8395882009008399,0.5350483582667218,0.07825273793106154,-0.05187886111384059
9.041410672,-0.30296278659640047,0.203499760697363,-0.23257871485667447,-0.04585287447903934,-0.03139793088858998,-0.00010863755651639457,-0.057323229474061266,0.28858269185757585,0.33850571642781435,0.8395882009008399,0.5350483582667218,0.07825273793106154,-0.05187886111384059
9.077178567,-0.30143676213735787,0.11889881191710806,0.02468654920891261,-0.036123850073625036,-0.03142920503455391,-0.0004132435822459938,-0.057323229474061266,0.28858269185757585,0.33850571642781435,0.8395882009008399,0.5350483582667218,0.07825273793106154,-0.05187886111384059
9.109943193,-0.18017805304237858,0.0681601406802046,-0.10066885091988445,-0.03205310495281457,-0.021351544725008182,0.00016820328435177695,-0.057323229474061266,0.28858269185757585,0.33850571642781435,0.8395882009008399,0.5350483582667218,0.07825273793106154,-0.05187886111384059
9.14535574,-0.3300593467863846,0.03562367466901084,0.12636329043183278,-0.026656767893550523,-0.034622727873087664,0.0013292495429475023,-0.057323229474061266,0.28858269185757585,0.33850571642781435,0.8395882009008399,0.5350483582667218,0.07825273793106154,-0.05187886111384059
9.177530915,-0.34297597645407213,0.13448775498859045,0.08823254697320304,-0.03892904884049591,-0.03535332268021375,0.0005819448827505745,-0.057318040839306916,0.2885798802938725,0.3385194609133839,0.8395909609268022,0.5350382462639854,0.07827460932260642,-0.05190548044437409
9.212773402,-0.3304766330037412,0.12049671632228745,-0.008726996655142108,-0.039019559916700364,-0.035902270470567633,-0.0022446563313359424,-0.057318040839306916,0.2885798802938725,0.3385194609133839,0.8395909609268022,0.5350382462639854,0.07827460932260642,-0.05190548044437409
9.244743386,-0.3921344764429467,0.13627080056039687,0.020950564170587646,-0.039706414795444026,-0.04358703790323096,-0.0004480071577181821,-0.057318040839306916,0.2885798802938725,0.3385194609133839,0.8395909609268022,0.5350382462639854,0.07827460932260642,-0.05190548044437409
9.282315602,-0.20289814209325938,0.1291265189134683,0.13457713205957825,-0.04141244011477995,-0.02210767655040092,-0.0012712651139935765,-0.0573213351637262,0.28858218249970413,0.3385139403781103,0.8395885745407512,0.5350437615854017,0.07826894147788117,-0.0518957752529546
9.313471459,-0.29502314167652355,0.04634655301416495,-0.10930636875059134,-0.0300038537069642,-0.03124573997143361,0.0007871441734002308,-0.0573213351637262,0.28858218249970413,0.3385139403781103,0.8395885745407512,0.5350437615854017,0.07826894147788117,-0.0518957752529546
9.349437002,-0.21775229311605498,0.11313900903992583,0.1898939936193863,-0.0367585043881049,-0.023195220441735553,0.0014556713227881143,-0.0573213351637262,0.28858218249970413,0.3385139403781103,0.8395885745407512,0.5350437615854017,0.07826894147788117,-0.0518957752529546
9.381136915,-0.19396892359759574,0.11311677193833784,-0.012747977885724116,-0.03433055670848861,-0.017270795651359673,0.001569697338638459,-0.0573213351637262,0.28858218249970413,0.3385139403781103,0.8395885745407512,0.5350437615854017,0.07826894147788117,-0.0518957752529546
9.417822792,-0.272734243087693,0.1771429496612214,-0.08190478500941115,-0.04361610099414226,-0.03018425697242439,0.00019221647449463222,-0.0573213351637262,0.28858218249970413,0.3385139403781103,0.8395885745407512,0.5350437615854017,0.07826894147788117,-0.0518957752529546
9.44927568,-0.22595688341661122,0.08984105049570186,-0.01405808651924587,-0.03396725946288742,-0.020227041107065497,-2.7162146974062974e-05,-0.0573213351637262,0.28858218249970413,0.3385139403781103,0.8395885745407512,0.5350437615854017,0.07826894147788117,-0.0518957752529546
9.485717046,-0.23479779572607348,-0.049084083205970165,-0.07663490423748262,-0.019245027661573183,-0.026500619561820864,-0.0011190343033193736,-0.0573213351637262,0.28858218249970413,0.3385139403781103,0.8395885745407512,0.5350437615854017,0.07826894147788117,-0.0518957752529546
9.517192005,-0.23898981922485396,0.11143999392202883,0.0061192476154943165,-0.03777807713787121,-0.027605925921089843,0.0011573729108992868,-0.0573213351637262,0.28858218249970413,0.3385139403781103,0.8395885745407512,0.5350437615854017,0.07826894147788117,-0.0518957752529546
9.553828504,-0.345171761410163,0.170723652068898,0.15374004374551323,-0.043034674542351714,-0.037888315075908896,-0.0011126677313256905,-0.0573213351637262,0.28858218249970413,0.3385139403781103,0.8395885745407512,0.5350437615854017,0.07826894147788117,-0.0518957752529546
9.585397397,-0.25594119508831575,0.13221458484141485,-0.17172472961759347,-0.03777017489646966,-0.02834496009136974,-0.0018985731576207105,-0.0573213351637262,0.28858218249970413,0.3385139403781103,0.8395885745407512,0.5350437615854017,0.07826894147788117,-0.0518957752529546
9.61744756,-0.1756576260455752,0.0942893112066453,0.09255271637585005,-0.03435825428967574,-0.016720783969029457,-0.0007125497382636258,-0.0573213351637262,0.28858218249970413,0.3385139403781103,0.8395885745407512,0.5350437615854017,0.07826894147788117,-0.0518957752529546
9.65264584,-0.28494097562080384,0.05980444364632879,-0.059071030524319154,-0.03200559321031945,-0.028913262035536163,0.0019121977357133618,-0.0573213351637262,0.28858218249970413,0.3385139403781103,0.8395885745407512,0.5350437615854017,0.07826894147788117,-0.0518957752529546
9.684410216,-0.35984157839859104,0.17964840038846977,0.01875282470311189,-0.04584298613402861,-0.03653892699483074,0.0017500073391825367,-0.0573213351637262,0.28858218249970413,0.3385139403781103,0.8395885745407512,0.5350437615854017,0.07826894147788117,-0.0518957752529546
9.721571564,-0.28259689744100525,0.07003156536853387,-0.1500875365150443,-0.03382829654131024,-0.026962424995238484,-1.6134131975815806e-05,-0.0573213351637262,0.28858218249970413,0.3385139403781103,0.8395885745407512,0.5350437615854017,0.07826894147788117,-0.0518957752529546
9.753203454,-0.33556677990391853,0.2576384608174755,0.09096826246331767,-0.05437804849916682,-0.03409561924599935,0.0005614976804067758,-0.0573213351637262,0.28858218249970413,0.3385139403781103,0.8395885745407512,0.5350437615854017,0.07826894147788117,-0.0518957752529546
9.753594,-0.1712685611577804,0.04980360601804087,-0.014485940194975077,-0.02857894348623749,-0.016252762128091906,0.0008800156836112219,-0.0573213351637262,0.28858218249970413,0.3385139403781103,0.8395885745407512,0.5350437615854017,0.07826894147788117,-0.0518957752529546
9.753928325,-0.3629856092758689,0.1509947145765777,0.1424723233103354,-0.042686240157768465,-0.03654338671296775,0.00048139418952144585,-0.0573213351637262,0.28858218249970413,0.3385139403781103,0.8395885745407512,0.5350437615854017,0.07826894147788117,-0.0518957752529546
9.754216905,-0.3312775353986638,0.13566652608770116,-0.04009621249950367,-0.040075320959968616,-0.033078379637611614,9.969468412248089e-05,-0.0573213351637262,0.28858218249970413,0.3385139403781103,0.8395885745407512,0.5350437615854017,0.07826894147788117,-0.0518957752529546
9.754502202,-0.26877805969713137,0.07639503601929508,-0.015845799337170847,-0.03387542076104631,-0.02696148834920433,0.0008869384128102845,-0.0573213351637262,0.28858218249970413,0.3385139403781103,0.8395885745407512,0.5350437615854017,0.07826894147788117,-0.0518957752529546
9.789264539,-0.32231557870934974,0.0170295922748784,-0.24879134162200767,-0.022867449680182138,-0.03258248828162079,0.0019565059656614994,-0.05732709630664251,0.2885778122375252,0.3385114684121288,0.8395887923172929,0.5350457783203957,0.07826290588859038,-0.05188055973662367
9.821466046,-0.3378112701675747,-0.03681087649151857,0.023542229173667675,-0.01798533835251837,-0.034404116387611726,0.0018384591737487226,-0.05732709630664251,0.2885778122375252,0.3385114684121288,0.8395887923172929,0.5350457783203957,0.07826290588859038,-0.05188055973662367
9.857089373,-0.10783308350678848,0.0038237979829841987,-0.0023094525382878,-0.025695832943307555,-0.005869648125598514,0.0004070427696739624,-0.05732709630664251,0.2885778122375252,0.3385114684121288,0.8395887923172929,0.5350457783203957,0.07826290588859038,-0.05188055973662367
9.889548939,-0.3474525471249601,0.00648563953277812,0.3375602940012554,-0.024220299854002793,-0.03583975654627882,3.093256876550519e-05,-0.05732709630664251,0.2885778122375252,0.3385114684121288,0.8395887923172929,0.5350457783203957,0.07826290588859038,-0.05188055973662367
9.925006395,-0.26851437321721705,0.06914022083342451,0.3061008319593645,-0.03291625667781355,-0.02544383567749598,0.0007448713655205524,-0.05732709630664251,0.2885778122375252,0.3385114684121288,0.8395887923172929,0.5350457783203957,0.07826290588859038,-0.05188055973662367
9.95772416,-0.38280776884225926,0.09389569159656104,0.2158485113521254,-0.03621277561215711,-0.040729798348638935,-0.0005899407378961298,-0.057326476971664014,0.28858305182657507,0.3385138369339673,0.8395829989594862,0.535053604489421,0.07826416466112832,-0.05189170175441778
9.993177985,-0.22150572875569025,0.002382104074308205,0.28351647040301275,-0.02512181519937252,-0.022611483794962743,0.0017567739612701153,-0.057326476971664014,0.28858305182657507,0.3385138369339673,0.8395829989594862,0.535053604489421,0.07826416466112832,-0.05189170175441778
